"名称","城市","纬度","经度","分类","介绍","官网"
"马德里 · 01 普拉多博物馆","马德里","40.4139","-3.6922","美术馆","普拉多是理解西班牙古典绘画的核心博物馆，收藏以西班牙画派为主，也有重要的佛兰德斯和意大利作品。这里适合放慢速度看人物神态、画面构图与宫廷生活，而不是只按名画清单匆匆打卡。
建议预留：2–3 小时；深度看展可留半天
看点：重点选择委拉斯开兹《宫娥》、戈雅的绘画，以及博斯《人间乐园》；具体展出以馆内安排为准。
参观提示：先选几件最感兴趣的作品，再按展厅顺路参观；建议配语音导览，并把丽池公园安排在看展之后。
景点官网：https://www.spain.info/en/places-of-interest/prado-museum/
位置来源：https://en.wikipedia.org/wiki/Museo_del_Prado
位置为旅行规划参考，不代表售票口或唯一入口。","https://www.spain.info/en/places-of-interest/prado-museum/"
"马德里 · 02 马德里王宫","马德里","40.41805556","-3.71416667","经典景点","王宫建于昔日城堡所在地，是了解西班牙王室生活与礼仪空间的好去处。外观强调对称与体量，内部则通过宏大的楼梯、壁画、织物与装饰艺术，展示不同房间的仪式功能。
建议预留：1.5–2 小时
看点：留意大楼梯、柱厅和各类仪式厅的天花板与细节；外部可从东方广场欣赏完整立面。
参观提示：建议安排内部参观，再走到阿穆德纳大教堂和周边广场。王室活动可能影响开放区域，出发前核对参观安排。
景点官网：https://www.spain.info/en/places-of-interest/royal-palace-madrid/
位置来源：https://en.wikipedia.org/wiki/Royal_Palace_of_Madrid
位置为旅行规划参考，不代表售票口或唯一入口。","https://www.spain.info/en/places-of-interest/royal-palace-madrid/"
"马德里 · 03 丽池公园","马德里","40.415","-3.68388889","经典景点","丽池公园是马德里市中心一大片适合步行的绿地，由昔日皇家园林逐渐成为市民休闲空间。湖泊、林荫道、花园和纪念建筑交错分布，逛完博物馆后到这里放松，比继续赶景点更能体会城市日常。
建议预留：1–2 小时
看点：大池塘、阿方索十二世纪念碑，以及水晶宫周边的园林景观，适合串成一条轻松步行线。
参观提示：清明行程可把这里当作午后散步点；水晶宫等建筑是否能入内需另查，当天只逛园林也很完整。
景点官网：https://www.spain.info/en/destination/madrid/
位置来源：https://es.wikipedia.org/wiki/Parque_del_Retiro_de_Madrid
位置为旅行规划参考，不代表售票口或唯一入口。","https://www.spain.info/en/destination/madrid/"
"马德里 · 04 主广场","马德里","40.415364","-3.707391","经典景点","主广场是被连续拱廊和红色建筑围合的老城广场，过去承担市场、典礼与公共活动等功能。它的吸引力在于空间的完整性：从狭窄街道走进广场，会突然感到视野开阔，四周立面又形成统一背景。
建议预留：30–45 分钟
看点：菲利普三世骑马像、面包房大楼的壁画立面，以及连接周边街巷的拱门。
参观提示：可与太阳门广场、圣米格尔市场和王宫周边连走；广场适合停留拍照，用餐也可多比较周边小街。
景点官网：https://www.spain.info/en/destination/madrid/
位置来源：https://en.wikipedia.org/wiki/Plaza_Mayor%2C_Madrid
位置为旅行规划参考，不代表售票口或唯一入口。","https://www.spain.info/en/destination/madrid/"
"马德里 · 05 塞拉尔博博物馆","马德里","40.423684","-3.714577","宅邸与收藏","这里最接近你们说的“走进一个家族的古宅，看他们积累的收藏”。原属塞拉尔博侯爵家庭的宫邸保留了大量生活与待客空间，绘画、瓷器、家具、兵器和考古藏品与房间装饰一起观看，收藏者的趣味比单件名作更有意思。
建议预留：1–1.5 小时，另留排队余量
看点：重点看接待厅、楼梯与整间房的陈设关系，再从密集摆放的绘画、装饰艺术和日常物件中挑感兴趣的细节。
参观提示：馆内容量较小，官网提示可能分批入场；8 人及以上团体需查看团体预约规则。包车团到门口不等于可以直接一起入馆。
顺路：与西班牙广场、王宫一带安排同半天；若王宫也入内，分成上午、下午。
景点官网：https://www.cultura.gob.es/mcerralbo/coleccion/colecciones.html
位置来源：https://en.wikipedia.org/wiki/Cerralbo_Museum
位置为旅行规划参考，不代表售票口或唯一入口。","https://www.cultura.gob.es/mcerralbo/coleccion/colecciones.html"
"马德里 · 06 拉萨罗·加尔迪亚诺博物馆","马德里","40.43691111","-3.68584806","宅邸与收藏","收藏家何塞·拉萨罗与妻子葆拉·弗洛里多的旧居 Parque Florido，如今成为绘画与装饰艺术博物馆。贵宾楼层保留天花壁画、木地板和原有空间格局，能同时欣赏戈雅等人的绘画与珠宝、银器、纺织、古物，适合喜欢“一个人如何收藏”的旅行者。
建议预留：1.5–2 小时
看点：先看房间装饰与楼层主题，再选绘画、珠宝或小件工艺精品；这里比只追几幅名画更适合慢看。
参观提示：与塞拉尔博各有侧重：前者更像完整宅邸，这里收藏门类更广。时间有限可二选一；具体展品可能轮换。
顺路：安排在萨拉曼卡区散步的半天，不建议与王宫、普拉多三处硬塞同一天。
景点官网：https://www.museolazarogaldiano.es/coleccion/historia-de-la-coleccion
位置来源：https://en.wikipedia.org/wiki/L%C3%A1zaro_Galdiano_Museum
位置为旅行规划参考，不代表售票口或唯一入口。","https://www.museolazarogaldiano.es/coleccion/historia-de-la-coleccion"
"马德里 · 07 利里亚宫","马德里","40.4277","-3.7124","宅邸与收藏","阿尔瓦家族在马德里的宫邸，开放参观路线将绘画、挂毯、家具、雕塑与家族历史放在一起。相比国家王宫，这里更适合追踪一个贵族家族的收藏和生活审美；开放区域只是宫邸的一部分，不应理解为整座私宅都可随意走动。
建议预留：1–1.5 小时
看点：家族肖像、欧洲绘画、历史文献与室内装饰；当期可参观房间和作品以购票页面为准。
参观提示：优先从官方选择具体时段、语言与参观形式；若同时选塞拉尔博，另一半天以散步为主，避免连续看相似房间疲劳。
顺路：和塞拉尔博同属西班牙广场周边，特别喜欢宅邸时可组成收藏主题半天。
景点官网：https://www.palaciodeliria.com/actividades-exposiciones-madrid/visita
位置来源：https://en.wikipedia.org/wiki/Liria_Palace
位置为旅行规划参考，不代表售票口或唯一入口。","https://www.palaciodeliria.com/actividades-exposiciones-madrid/visita"
"马德里 · 08 提森－博内米萨国家博物馆","马德里","40.41604111","-3.694925","美术馆","从家族收藏发展而来的美术馆，绘画横跨中世纪至二十世纪，可在一次参观中感受欧洲绘画如何从宗教图像走向风景、城市与现代艺术。它与普拉多的收藏重点互补，也适合喜欢印象派、色彩和风景画的人。
建议预留：2–3 小时
看点：按个人兴趣选早期大师、十九世纪风景与印象派、二十世纪绘画中的一两条线，不必逐厅打卡。
参观提示：常设收藏和临时展览可能采用不同票种；收藏目录不代表每件作品当天都在展。一天以一座大馆为宜。
顺路：与丽池公园、普拉多大道散步组合；已有普拉多预约时，另找半天。
景点官网：https://www.museothyssen.org/en/collection
位置来源：https://en.wikipedia.org/wiki/Thyssen-Bornemisza_Museum
位置为旅行规划参考，不代表售票口或唯一入口。","https://www.museothyssen.org/en/collection"
"马德里 · 09 索菲亚王后国家艺术中心","马德里","40.4086","-3.694","美术馆","适合对西班牙现代艺术、社会历史和毕加索感兴趣的人。参观可以围绕《格尔尼卡》及其相关脉络展开，再选少量感兴趣的展厅；这里与普拉多的古典绘画体验差异很大，两者不必因都是“大馆”就全部排满。
建议预留：2–3 小时
看点：《格尔尼卡》相关展陈、现代艺术与时代背景；馆藏布局和临展会调整，先看当天导览图。
参观提示：现行常规周二闭馆；2027 年具体开放与节假日例外需复核。不要把主馆和丽池公园内的分馆混为同一处预约。
顺路：可与阿托查、文学区组成半天至一天，适合放在马德里最后几天。
景点官网：https://www.museoreinasofia.es/colecciones/obra/guernica/
位置来源：https://en.wikipedia.org/wiki/Museo_Nacional_Centro_de_Arte_Reina_Sof%C3%ADa
位置为旅行规划参考，不代表售票口或唯一入口。","https://www.museoreinasofia.es/colecciones/obra/guernica/"
"马德里 · 10 索罗亚博物馆（重开后备选）","马德里","40.435","-3.693","宅邸与收藏","索罗亚的故居、画室与花园，题材非常符合你们喜欢的“房子和主人收藏一起看”。但官网目前仍公告因扩建与修复暂时闭馆，因此先列为愿望清单；不能凭旧的预计重开日期认定 2027 年清明可以参观。
建议预留：重开后建议预留 1.5–2 小时
看点：若届时确认重开，重点看画室、家庭生活空间、花园与画家作品的联系。
参观提示：截至本次核对，官方仍显示闭馆。只有确认你们出行日期开放且可购票后再加入；替代方案选塞拉尔博或拉萨罗。
顺路：暂不计入任何必去组合，也不为它单独增加住宿。
景点官网：https://www.cultura.gob.es/msorolla/visita/visita-cierre-del-museo.html
位置来源：https://en.wikipedia.org/wiki/Sorolla_Museum
位置为旅行规划参考，不代表售票口或唯一入口。","https://www.cultura.gob.es/msorolla/visita/visita-cierre-del-museo.html"
"巴塞罗那 · 01 圣家堂","巴塞罗那","41.40369","2.17433","经典景点","圣家堂将宗教象征、自然形态和结构实验融合在一起，是高迪最具代表性的作品之一。外部立面讲述不同圣经故事，内部柱子像树干一样分叉托起穹顶，彩色玻璃随光线变化，让同一个空间在不同时段呈现不同气氛。
建议预留：1.5–2 小时；登塔另留时间
看点：比较诞生立面与受难立面的雕刻风格；进入中殿后，留意树状立柱和两侧冷暖色玻璃。
参观提示：先确定入场时段，再安排同一天其他景点。登塔属于不同参观选项，购票时核对包含内容与条件。
景点官网：https://blog.sagradafamilia.org/en/stained-glass-light-colour-creation/
位置来源：https://en.wikipedia.org/wiki/Sagrada_Fam%C3%ADlia
位置为旅行规划参考，不代表售票口或唯一入口。","https://blog.sagradafamilia.org/en/stained-glass-light-colour-creation/"
"巴塞罗那 · 02 古埃尔公园","巴塞罗那","41.41361111","2.15277778","经典景点","古埃尔公园把建筑融入山坡：马赛克、石柱、曲线长椅与架空步道共同构成一座可行走的设计作品。它原本与住宅开发计划有关，后来成为公园；游览时既可以看高迪的细部处理，也能从高处理解巴塞罗那向海展开的城市格局。
建议预留：1.5–2 小时
看点：入口蜥蜴喷泉、柱厅、蛇形长椅及广场远景；留意碎瓷拼贴与自然石材的对比。
参观提示：园区有坡度和台阶，穿好走的鞋。按所选入口规划交通，核心区域与园区其他部分的参观条件需在购票时核对。
景点官网：https://www.spain.info/en/destination/barcelona/
位置来源：https://en.wikipedia.org/wiki/Park_G%C3%BCell
位置为旅行规划参考，不代表售票口或唯一入口。","https://www.spain.info/en/destination/barcelona/"
"巴塞罗那 · 03 巴特罗之家","巴塞罗那","41.39158","2.16492","经典景点","巴特罗之家是一座经高迪改造的城市住宅，立面、采光井、门窗和屋顶都延续着有机曲线。它不仅是一栋外形奇特的房子，也展示了建筑师如何处理光线、通风和日常居住；从室内看细节，才能理解外观背后的设计逻辑。
建议预留：1–1.5 小时
看点：骨骼般的阳台、波浪状立面、蓝色采光井与富有鳞片感的屋顶。
参观提示：外观可与格拉西亚大道散步结合；若入内，先比较不同票种包含的空间和导览，不必为了附加项目压缩主参观时间。
景点官网：https://www.spain.info/en/destination/barcelona/
位置来源：https://en.wikipedia.org/wiki/Casa_Batll%C3%B3
位置为旅行规划参考，不代表售票口或唯一入口。","https://www.spain.info/en/destination/barcelona/"
"巴塞罗那 · 04 哥特区","巴塞罗那","41.38277778","2.17694444","经典景点","哥特区保存了巴塞罗那老城的街巷格局，罗马遗迹、中世纪建筑和后来的改建共同构成今天的面貌。它适合围绕广场和巷道慢慢探索：短短几步就可能从热闹街道进入安静庭院，体验城市历史在日常生活中的延续。
建议预留：1.5–2.5 小时
看点：巴塞罗那主教座堂周边、国王广场及主教街；著名跨街廊桥属于较晚时期的建造。
参观提示：以几个广场作为定位点即可，不必逐巷赶路；可接着去波恩区或海边。参观教堂时区分礼拜区域与旅游参观入口。
景点官网：https://www.spain.info/en/destination/barcelona/
位置来源：https://en.wikipedia.org/wiki/Gothic_Quarter%2C_Barcelona
位置为旅行规划参考，不代表售票口或唯一入口。","https://www.spain.info/en/destination/barcelona/"
"巴塞罗那 · 05 阿马特耶之家","巴塞罗那","41.39166667","2.165","宅邸与收藏","巴特罗之家旁边这栋常被路过的房子，恰好很适合你们：它是巧克力实业家、摄影爱好者与收藏家 Antoni Amatller 的住宅。主层保留约 1900 年的家具和艺术收藏，参观重点是当年的家庭生活与审美，而不只是拍立面。
建议预留：约 1 小时，按所选场次
看点：室内原有家具、艺术藏品、现代主义装饰和业主故事；先听讲解，再看房间之间的使用关系。
参观提示：选择允许进入住宅主层的参观产品，确认讲解语言；目前提供包括中文在内的语音导览，2027 语言与场次以官网为准。
顺路：可与巴特罗之家同日；若只想再选一栋住宅，优先给阿马特耶而不是增加第三栋建筑。
景点官网：https://www.casessingulars.com/visitas/casa-amatller/
位置来源：https://en.wikipedia.org/wiki/Casa_Amatller
位置为旅行规划参考，不代表售票口或唯一入口。","https://www.casessingulars.com/visitas/casa-amatller/"
"巴塞罗那 · 06 弗雷德里克·马雷斯博物馆","巴塞罗那","41.384201","2.176698","宅邸与收藏","雕塑家兼收藏家 Frederic Marès 把个人收藏捐给巴塞罗那，内容从雕塑延伸到大量日常小物。它的趣味在于收藏眼光：普通生活物件也可以成为观察一个时代的线索。馆址属于旧王宫建筑群，并非保留原样的马雷斯家宅。
建议预留：1.5–2 小时
看点：雕塑收藏与“收藏家陈列室”的日常物件两条线；喜欢老物件、工艺与城市生活史，往往会比只看名画更投入。
参观提示：安排在哥特区游览时，留时间看小件展品。请区分“收藏家博物馆”和“收藏家原宅”，这里属于前者。
顺路：与大教堂、哥特区步行组合，最适合作为老城路线的文化加餐。
景点官网：https://visitmuseum.gencat.cat/en/museum/museu-frederic-mares
位置来源：https://en.wikipedia.org/wiki/Museu_Frederic_Mar%C3%A8s
位置为旅行规划参考，不代表售票口或唯一入口。","https://visitmuseum.gencat.cat/en/museum/museu-frederic-mares"
"巴塞罗那 · 07 加泰罗尼亚国家艺术博物馆","巴塞罗那","41.36833","2.15331","美术馆","坐落在蒙锥克山国家宫，最值得为它留时间的是加泰罗尼亚艺术的地方脉络：罗曼式壁画、哥特式宗教艺术与近现代作品，让旅途不止停留在高迪。建筑外的平台视野也很好，但真正看馆藏需要单独留半天。
建议预留：2–3 小时，深看可半天
看点：优先选罗曼式艺术与近现代艺术中的一部分，结合教堂壁画原来的空间语境理解作品。
参观提示：若与米罗基金会同日，两馆都只选重点；想细看则二选一。具体展厅、作品调动与票种查官网。
顺路：与蒙锥克山散步组合，不要再在同半天塞入圣家堂。
景点官网：https://www.museunacional.cat/es/coleccion
位置来源：https://en.wikipedia.org/wiki/Museu_Nacional_d%27Art_de_Catalunya
位置为旅行规划参考，不代表售票口或唯一入口。","https://www.museunacional.cat/es/coleccion"
"巴塞罗那 · 08 巴塞罗那毕加索博物馆","巴塞罗那","41.385216","2.180893","美术馆","这座馆更适合看毕加索如何成长：早期学习、与巴塞罗那的联系，以及后来对委拉斯开兹《宫娥》的重新演绎。它位于蒙卡达街的历史建筑中，参观完可直接继续波恩区散步；与马拉加的毕加索馆可以按个人兴趣择一深看。
建议预留：1.5–2.5 小时
看点：早期绘画与《宫娥》系列；先看年轻时较写实的画，再看后来如何重组人物与空间。
参观提示：预约具体时段；画作会借展或轮换。如果并非毕加索爱好者，巴塞罗那与马拉加两馆不用都作为必去。
顺路：与波恩区、圣玛丽亚海洋教堂周边步行组合。
景点官网：https://patrimoni.gencat.cat/en/collection/picasso-museum
位置来源：https://en.wikipedia.org/wiki/Museu_Picasso
位置为旅行规划参考，不代表售票口或唯一入口。","https://patrimoni.gencat.cat/en/collection/picasso-museum"
"巴塞罗那 · 09 米罗基金会","巴塞罗那","41.36861111","2.16","美术馆","如果比起古典宗教画，你们更喜欢鲜明色彩、简洁符号和自由的想象力，可以把蒙锥克山的美术馆名额给米罗。作品与明亮建筑空间共同构成参观体验，适合慢慢看画和雕塑，再接一段山上散步。
建议预留：1.5–2 小时
看点：观察米罗反复使用的颜色、符号与物件怎样变化，不必追求把每件作品都解释成固定含义。
参观提示：从当前官网确认开放与导览安排；若选择 MNAC 深看，米罗可以留作另一半天或替换项目。
顺路：蒙锥克山半天：米罗基金会＋山上花园；与 MNAC 按兴趣选。
景点官网：https://www.fmirobcn.org/en/visit-us/guided-tours/117/joan-miro-collection-guided-tour-in-spanish
位置来源：https://en.wikipedia.org/wiki/Fundaci%C3%B3_Joan_Mir%C3%B3
位置为旅行规划参考，不代表售票口或唯一入口。","https://www.fmirobcn.org/en/visit-us/guided-tours/117/joan-miro-collection-guided-tour-in-spanish"
"巴塞罗那 · 10 加泰罗尼亚音乐宫","巴塞罗那","41.3875","2.17555556","地方特色","除了住宅与教堂，巴塞罗那的现代主义也能在音乐厅里体验。彩色玻璃、装饰柱与演奏空间让建筑本身像一件工艺品；白天参观便于看细节，晚上听音乐则重在现场气氛，两种体验可以按兴趣选择。
建议预留：建筑参观约 1 小时；演出按节目时长
看点：主厅彩色玻璃与装饰细节；若挑演出，先看节目内容、座位视线与结束时间。
参观提示：参观票与音乐会票是不同产品，不能默认互通或包含同一参观区域。确认导览语言、场次和演出安排。
顺路：可和哥特区、马雷斯博物馆分上午下午安排；演出适合加在晚间。
景点官网：https://www.palaumusica.cat/en/buy-tickets_1641072
位置来源：https://en.wikipedia.org/wiki/Palau_de_la_M%C3%BAsica_Catalana
位置为旅行规划参考，不代表售票口或唯一入口。","https://www.palaumusica.cat/en/buy-tickets_1641072"
"瓦伦西亚 · 01 艺术科学城","瓦伦西亚","39.45416667","-0.35","经典景点","艺术科学城是瓦伦西亚极具辨识度的现代建筑群，以白色结构、水池倒影和富有未来感的轮廓见长。这里包含不同展馆和文化设施，既适合建筑摄影，也能按兴趣安排科学展览、水族馆或演出，体验与老城完全不同的一面。
建议预留：外观 1–2 小时；入馆可留半天至一天
看点：半球形建筑 Hemisfèric、科学博物馆外观，以及各建筑之间水池形成的倒影。
参观提示：先决定是拍建筑还是进展馆；不同场馆的门票和参观时间并不相同，不要把整个建筑群当成单一场馆。
景点官网：https://www.spain.info/en/destination/valencia/
位置来源：https://en.wikipedia.org/wiki/City_of_Arts_and_Sciences
位置为旅行规划参考，不代表售票口或唯一入口。","https://www.spain.info/en/destination/valencia/"
"瓦伦西亚 · 02 丝绸交易厅","瓦伦西亚","39.47441667","-0.37844444","经典景点","丝绸交易厅见证了瓦伦西亚海上贸易兴盛的历史，是世俗哥特式建筑的代表。它并非宫殿，却用庄严的大厅和精细石雕体现商业活动的重要性；内部的螺旋柱向上延伸，营造出类似石头棕榈林的空间感。
建议预留：45–60 分钟
看点：交易大厅的螺旋石柱、拱顶，以及庭院与立面细部。
参观提示：可与附近中央市场连续安排。先在大厅里看整体比例，再靠近观察柱子和石雕，比只在门外拍照更有收获。
景点官网：https://www.spain.info/en/destination/valencia/
位置来源：https://en.wikipedia.org/wiki/Lonja_de_la_Seda
位置为旅行规划参考，不代表售票口或唯一入口。","https://www.spain.info/en/destination/valencia/"
"瓦伦西亚 · 03 中央市场","瓦伦西亚","39.47355806","-0.37892111","经典景点","中央市场既是采购食材的地方，也是一座值得欣赏的现代主义市场建筑。金属结构、玻璃采光和陶瓷装饰下，蔬菜、水果、海鲜与肉制品摊位体现着瓦伦西亚的饮食习惯，适合从食材角度认识这座城市。
建议预留：45–75 分钟
看点：中央穹顶、彩色玻璃与装饰瓷砖；边逛边观察当地米饭料理常用的食材。
参观提示：建议把市场放在白天的老城路线里，先查营业日和时段。市场有真实采购需求，拍照时给摊主与顾客留出空间。
景点官网：https://www.spain.info/en/destination/valencia/
位置来源：https://en.wikipedia.org/wiki/Mercado_Central%2C_Valencia
位置为旅行规划参考，不代表售票口或唯一入口。","https://www.spain.info/en/destination/valencia/"
"瓦伦西亚 · 04 马尔瓦罗萨海滩","瓦伦西亚","39.47916667","-0.32305556","经典景点","马尔瓦罗萨是一片开阔的城市沙滩，海岸线平直，背后连接步道和餐饮区。它的乐趣主要是海边散步、看浪和慢慢吃一顿饭，与老城密集的建筑景点形成很好的节奏对比。
建议预留：散步 1–2 小时；休闲可留半天
看点：宽阔沙滩、滨海步道和地中海开阔视野；适合拍简洁的海岸风景。
参观提示：四月不必以游泳为主要目标，可根据风力与体感安排停留；将午餐和海边散步放在同一段行程更从容。
景点官网：https://www.spain.info/en/destination/valencia/
位置来源：https://es.wikipedia.org/wiki/Playa_de_la_Malvarrosa
位置为旅行规划参考，不代表售票口或唯一入口。","https://www.spain.info/en/destination/valencia/"
"瓦伦西亚 · 05 两水侯爵宫 · 国家陶瓷博物馆","瓦伦西亚","39.47269","-0.37472","宅邸与收藏","浓密雕饰的宫殿立面背后，是历史贵族住宅空间与陶瓷博物馆的组合。它兼具室内装饰与瓦伦西亚陶瓷传统，很适合不想只看城市地标的人。今天的博物馆收藏另有建馆来源，不能全部当作原侯爵家族留下的私人收藏。
建议预留：1–1.5 小时
看点：历史宫殿房间、装饰细节与陶瓷工艺；看建筑与收藏两条线，而不只在门口拍照。
参观提示：2026 年官方公告立面修复，2027 外观与开放区域要复核；配图展示建筑实景，不代表到访时没有脚手架。
顺路：与老城、中央市场安排同一天；比再加一个远郊点更顺路。
景点官网：https://www.cultura.gob.es/mnceramica/el-museo/historia/historia-edificio.html
位置来源：https://en.wikipedia.org/wiki/Gonz%C3%A1lez_Mart%C3%AD_National_Museum_of_Ceramics_and_Decorative_Arts
位置为旅行规划参考，不代表售票口或唯一入口。","https://www.cultura.gob.es/mnceramica/el-museo/historia/historia-edificio.html"
"瓦伦西亚 · 06 瓦伦西亚美术博物馆","瓦伦西亚","39.479","-0.371","美术馆","想在瓦伦西亚多看一点艺术，这里比继续追建筑打卡更值得留半天。收藏中有索罗亚、皮纳索等与当地光线和绘画传统密切相关的艺术家，也能看到更早期的作品与历史建筑空间。
建议预留：1.5–2.5 小时
看点：优先看瓦伦西亚画家与索罗亚相关馆藏，穿插维奇大使庭院；不把过往临展当成常设保证。
参观提示：现行常规周一闭馆；具体作品在展情况及 2027 开放安排查官网。若马德里索罗亚故居仍闭馆，可在此补艺术兴趣，但体验不同。
顺路：配图里亚花园散步，适合城市多住一晚时安排。
景点官网：https://www.visitvalencia.com/it/cosa-fare-valencia/cultura-valenciana/valencia-musei/museo-delle-belle-arti-di-valencia
位置来源：https://en.wikipedia.org/wiki/Museu_de_Belles_Arts_de_Val%C3%A8ncia
位置为旅行规划参考，不代表售票口或唯一入口。","https://www.visitvalencia.com/it/cosa-fare-valencia/cultura-valenciana/valencia-musei/museo-delle-belle-arti-di-valencia"
"瓦伦西亚 · 07 丝绸博物馆与丝绸业行会馆","瓦伦西亚","39.470853","-0.380917","地方特色","丝绸交易所讲贸易，这里则把视线拉回丝织行业本身：行会历史、织物与传统工艺，帮助理解瓦伦西亚为什么会留下那么重要的丝绸建筑。馆舍与展陈适合对地方手艺、织物和老行业有兴趣的人。
建议预留：约 1 小时
看点：丝织历史、展出的织物与行会建筑；如希望看织造演示，提前确认当天是否安排。
参观提示：现行常规周一闭馆；演示或特别活动不能默认每天都有。和丝绸交易所是不同景点，不共用同一参观安排。
顺路：丝绸交易所＋中央市场＋丝绸博物馆，组成老城工艺半天。
景点官网：https://www.museodelasedavalencia.com/
位置来源：https://es.wikipedia.org/wiki/Colegio_del_Arte_Mayor_de_la_Seda
位置为旅行规划参考，不代表售票口或唯一入口。","https://www.museodelasedavalencia.com/"
"塞维利亚 · 01 塞维利亚王宫","塞维利亚","37.38442615","-5.99118663","经典景点","塞维利亚王宫是一组经过不同时期增建的宫殿，穆德哈尔装饰、庭院、水景与花园构成核心体验。建筑中的伊斯兰艺术语言与基督教王室需求相结合，使这里适合观察西班牙南部文化交汇留下的具体痕迹。
建议预留：2–3 小时
看点：少女庭院、使节厅的装饰，以及宫殿后的花园；重点观察拱门、瓷砖和木作之间的呼应。
参观提示：建议提前安排入场时段，并把花园时间算进去。可与圣十字区同日游览，大教堂则视体力分开安排。
景点官网：https://www.spain.info/en/destination/seville/
位置来源：https://es.wikipedia.org/wiki/Real_Alc%C3%A1zar_de_Sevilla
位置为旅行规划参考，不代表售票口或唯一入口。","https://www.spain.info/en/destination/seville/"
"塞维利亚 · 02 塞维利亚大教堂与吉拉达塔","塞维利亚","37.38589444","-5.99305556","经典景点","塞维利亚大教堂以宏大的哥特式空间著称，吉拉达塔则保留了先前宣礼塔的建筑基础，并在后期加入钟楼。把教堂与塔楼一起看，可以直接感受到城市宗教与建筑历史的层层变化。
建议预留：1.5–2 小时
看点：主祭坛、哥伦布墓，以及塔顶向老城展开的视野；留意塔楼内部坡道式的上行路线。
参观提示：登塔仍需要体力，建议与长时间步行错开；宗教活动会影响部分区域，先确认参观时段和是否包含吉拉达塔。
景点官网：https://www.spain.info/en/destination/seville/
位置来源：https://en.wikipedia.org/wiki/Seville_Cathedral
位置为旅行规划参考，不代表售票口或唯一入口。","https://www.spain.info/en/destination/seville/"
"塞维利亚 · 03 西班牙广场","塞维利亚","37.37694444","-5.98694444","经典景点","西班牙广场为伊比利亚—美洲博览会而建，以半圆形建筑、运河与桥梁形成强烈的舞台感。红砖、彩色瓷砖和长廊组合出丰富层次，既适合拍大场景，也适合近看各省主题的装饰细节。
建议预留：1–1.5 小时
看点：各省主题瓷砖壁龛、运河上的小桥，以及沿弧形延伸的柱廊。
参观提示：可连同玛丽亚路易莎公园一起游览；早晚步行通常更舒适。若有活动布场，按现场开放范围调整拍摄位置。
景点官网：https://www.spain.info/en/destination/seville/
位置来源：https://en.wikipedia.org/wiki/Plaza_de_Espa%C3%B1a%2C_Seville
位置为旅行规划参考，不代表售票口或唯一入口。","https://www.spain.info/en/destination/seville/"
"塞维利亚 · 04 圣十字区","塞维利亚","37.385","-5.99027778","经典景点","圣十字区是塞维利亚最适合步行感受老城气氛的街区之一，狭窄巷道、小广场、橙树与庭院构成鲜明印象。这里与历史上的犹太社区有关，如今也有大量餐饮和住宿，适合在参观王宫后慢慢逛。
建议预留：1–1.5 小时
看点：白墙巷道、藏在转角的小广场，以及从街巷间突然出现的吉拉达塔视角。
参观提示：不必每条街都走到，选两三个广场串联即可；住宅庭院要尊重门禁，看到开放参观标识后再进入。
景点官网：https://www.spain.info/en/destination/seville/
位置来源：https://en.wikipedia.org/wiki/Santa_Cruz%2C_Seville
位置为旅行规划参考，不代表售票口或唯一入口。","https://www.spain.info/en/destination/seville/"
"塞维利亚 · 05 莱布里哈伯爵夫人宫","塞维利亚","37.39222222","-5.99361111","宅邸与收藏","对你们而言，这可能是塞维利亚最值得补的一站。伯爵夫人把考古与艺术收藏带进自己的宅邸，罗马马赛克、古物、雕塑与安达卢西亚式房间融为一体。好看的不只是“宫殿豪华”，更是主人如何用收藏构造自己的生活环境。
建议预留：1–1.5 小时
看点：马赛克地面、庭院、考古藏品与起居空间；记得抬头看房间，也低头看地面图案。
参观提示：购票核对包含的楼层与讲解方式，不能把仅底层参观当成全宅邸体验。更想看生活陈设时优先确认上层是否可参观。
顺路：可与美术馆组成文化半天；若细看两处，连午餐留 4 小时更舒服。
景点官网：https://palaciodelebrija.com/
位置来源：https://en.wikipedia.org/wiki/Palace_of_the_Countess_of_Lebrija
位置为旅行规划参考，不代表售票口或唯一入口。","https://palaciodelebrija.com/"
"塞维利亚 · 06 彼拉多之家","塞维利亚","37.3899","-5.98711","宅邸与收藏","以庭院、彩釉瓷砖和古典雕塑见长的贵族宅邸，适合对建筑细节与工艺感兴趣的人。它展现了塞维利亚穆德哈尔传统与文艺复兴趣味的交会；相较王宫，尺度更接近一座家族住宅，步行体验也更从容。
建议预留：1–1.5 小时
看点：主庭院、瓷砖墙面、柱廊与雕塑的组合；留心不同材料和图案，而不是只拍一张对称庭院照。
参观提示：底层与其他区域的开放、票种可能不同，从管理方售票入口核对。若只增加一处收藏宅邸，先选莱布里哈；偏建筑可选这里。
顺路：与塞维利亚老城东侧散步组合；与莱布里哈按收藏／建筑偏好择一或分两天。
景点官网：https://visitasevilla.es/en/pilatos-house/
位置来源：https://en.wikipedia.org/wiki/Casa_de_Pilatos
位置为旅行规划参考，不代表售票口或唯一入口。","https://visitasevilla.es/en/pilatos-house/"
"塞维利亚 · 07 杜埃尼亚斯宫","塞维利亚","37.39472222","-5.98916667","宅邸与收藏","阿尔瓦家族在塞维利亚的历史宅邸，以庭院花园、哥特－穆德哈尔与文艺复兴元素、室内艺术陈设共同构成参观体验。它适合偏爱庭院植物和贵族生活氛围的人，也可以与马德里的利里亚宫形成同一家族、不同城市的对照。
建议预留：1–1.5 小时
看点：庭院花园、房间陈设与艺术收藏；比起追逐单件名作，更适合把房屋和生活环境整体看。
参观提示：当期临展与活动可能改变开放区域；通过官网核对日期。不要将三座塞维利亚宅邸都设成一天必去。
顺路：喜欢花园可用它替换彼拉多之家；已在利里亚看过家族收藏时仍可按建筑兴趣选择。
景点官网：https://www.lasduenas.es/
位置来源：https://es.wikipedia.org/wiki/Palacio_de_las_Due%C3%B1as_%28Sevilla%29
位置为旅行规划参考，不代表售票口或唯一入口。","https://www.lasduenas.es/"
"塞维利亚 · 08 塞维利亚美术博物馆","塞维利亚","37.39265","-6.00013","美术馆","馆舍本身是历史修道院，院落与展厅让看画也带一点建筑漫游的感觉。收藏尤其适合认识塞维利亚绘画传统和西班牙巴洛克艺术；若你们已经在马德里看大馆，这里仍能补上更鲜明的地方艺术视角。
建议预留：1.5–2 小时
看点：穆里略、苏尔巴兰等画家的作品与修道院空间；先挑巴洛克重点，不必把宗教题材展厅全部细读。
参观提示：与宅邸收藏是不同体验：这里以绘画为主。临展、开放与门票条件以官方当期信息为准。
顺路：美术馆＋莱布里哈宫，适合多住一晚后增加的文化半天。
景点官网：https://www.museosdeandalucia.es/web/museodebellasartesdesevilla
位置来源：https://en.wikipedia.org/wiki/Museum_of_Fine_Arts_of_Seville
位置为旅行规划参考，不代表售票口或唯一入口。","https://www.museosdeandalucia.es/web/museodebellasartesdesevilla"
"格拉纳达 · 01 阿尔罕布拉宫","格拉纳达","37.1775","-3.59","经典景点","阿尔罕布拉是一座宫殿、堡垒与园林组成的建筑群，核心魅力在纳斯里德宫殿精细的灰泥雕饰、几何纹样、阿拉伯书法和水面倒影。这里也保留了后期建筑，能够看到不同统治阶段对同一片山丘的重新塑造。
建议预留：全建筑群建议 3–4 小时，含花园
看点：纳斯里德宫殿中的桃金娘庭院、狮子庭院，以及堡垒高处的城市视野；各区域以所持门票为准。
参观提示：确认门票是否包含纳斯里德宫，并围绕其指定入场时间倒推路线；园区较大，入口到宫殿之间也要留步行时间。
景点官网：https://tickets.alhambra-patronato.es/
位置来源：https://en.wikipedia.org/wiki/Alhambra
位置为旅行规划参考，不代表售票口或唯一入口。","https://tickets.alhambra-patronato.es/"
"格拉纳达 · 02 赫内拉利费宫","格拉纳达","37.17694444","-3.58527778","经典景点","赫内拉利费是与阿尔罕布拉相邻的夏宫与花园空间，更强调水渠、植物、庭院和远景的配合。与宫殿内部的繁复装饰相比，这里适合观察园林如何通过流水、阴影和分层空间营造舒适的休憩环境。
建议预留：约 1–1.5 小时，计入建筑群总时长
看点：水渠庭院、喷泉、水道与沿途花园；从不同角度回看阿尔罕布拉和山城。
参观提示：与阿尔罕布拉同日安排即可，避免把两处建议时长简单重复相加；春季花园值得慢走，具体花况随季节变化。
景点官网：https://www.spain.info/en/destination/granada/
位置来源：https://en.wikipedia.org/wiki/Generalife
位置为旅行规划参考，不代表售票口或唯一入口。","https://www.spain.info/en/destination/granada/"
"格拉纳达 · 03 阿尔拜辛区","格拉纳达","37.1817","-3.5983","经典景点","阿尔拜辛坐落在阿尔罕布拉对面的山坡上，白色民居、曲折街巷和带花园的住宅构成格拉纳达独特的历史风貌。这里的价值不只是某一栋建筑，而是走动时不断变化的屋顶、庭院和宫殿远景。
建议预留：1.5–2.5 小时
看点：石铺巷道、山坡广场、传统庭院住宅，以及面向阿尔罕布拉的不同观景角度。
参观提示：可先乘车到较高处，再缓步下山；石路不平且坡度明显，建议轻装。和圣尼古拉斯观景台合并成一条路线。
景点官网：https://www.spain.info/en/destination/granada/
位置来源：https://es.wikipedia.org/wiki/Albaic%C3%ADn
位置为旅行规划参考，不代表售票口或唯一入口。","https://www.spain.info/en/destination/granada/"
"格拉纳达 · 04 圣尼古拉斯观景台","格拉纳达","37.18112","-3.59268","经典景点","圣尼古拉斯观景台位于阿尔拜辛高处，正对阿尔罕布拉山丘，是理解格拉纳达地形与城市关系的直观位置。天气晴朗时，宫殿、树林和远处山脉叠在同一画面中；它也是一个可以停下来观察广场生活的地方。
建议预留：30–60 分钟
看点：阿尔罕布拉全景、山坡层次与傍晚建筑色调的变化。
参观提示：日落前后可能较拥挤，想拍照可早点到；阴天也能看城市轮廓，不必为了等完美光线打乱整天行程。
景点官网：https://www.spain.info/gcc/en/destinations/granada/
位置来源：https://maps.apple.com/place?place-id=I75F65868D91DFA00
位置为旅行规划参考，不代表售票口或唯一入口。","https://www.spain.info/gcc/en/destinations/granada/"
"格拉纳达 · 05 罗德里格斯－阿科斯塔基金会","格拉纳达","37.17482126","-3.59201002","宅邸与收藏","画家 José María Rodríguez-Acosta 建造的工作空间与花园坐落在山坡上，白色建筑、层层庭园和城市视野很有格拉纳达特色。基金会还保存艺术、图书与文献收藏，适合对艺术家的审美世界感兴趣、又想找阿尔罕布拉以外安静去处的人。
建议预留：1–1.5 小时，按导览场次
看点：建筑与花园空间，及所选参观产品包含的 Gómez-Moreno 等收藏；各区域并非默认全部开放。
参观提示：提前核对导览语言、台阶与开放范围，尤其确认是否包含 Gómez-Moreno 藏品区域。不要紧贴纳斯里德宫的限时入场预约。
顺路：阿尔罕布拉山周边另留半天；若阿宫已走一整天，第二天再来更轻松。
景点官网：https://www.fundacionrodriguezacosta.com/
位置来源：https://es.wikipedia.org/wiki/Carmen_de_la_Fundaci%C3%B3n_Rodr%C3%ADguez_Acosta
位置为旅行规划参考，不代表售票口或唯一入口。","https://www.fundacionrodriguezacosta.com/"
"格拉纳达 · 06 圣维森特庄园 · 洛尔迦故居","格拉纳达","37.17065","-3.60931","宅邸与收藏","这是诗人、剧作家费德里科·加西亚·洛尔迦一家曾使用的夏居。住宅尺度亲切，家具和房间帮助还原家庭生活与创作环境；它的价值来自人物故事与文学背景，并不是另一座摆满名画的大型收藏宫殿。
建议预留：约 1 小时，连公园散步 1.5 小时
看点：家庭起居空间、钢琴与书写生活的背景；先了解一点洛尔迦作品，会比单纯看家具更有收获。
参观提示：确认当期入内方式、语言和开放时段；对文学兴趣不强，可以把它作为公园散步的备选。
顺路：放在较轻松的市区半天，与阿尔拜辛爬坡日分开。
景点官网：https://www.huertadesanvicente.com/e_virtual.php
位置来源：https://en.wikipedia.org/wiki/Huerta_de_San_Vicente
位置为旅行规划参考，不代表售票口或唯一入口。","https://www.huertadesanvicente.com/e_virtual.php"
"格拉纳达 · 07 格拉纳达美术博物馆","格拉纳达","37.1767","-3.59","美术馆","位于阿尔罕布拉区域的查理五世宫内，适合在建筑与宫苑之外补一点格拉纳达艺术史。收藏以地方绘画、雕塑传统为线索，尤其能看到十六至十八世纪的宗教艺术；规模和主题都更适合选重点看。
建议预留：45–90 分钟
看点：格拉纳达画派、宗教绘画与雕塑，再结合宫殿本身的圆形庭院体会空间。
参观提示：先保住纳斯里德宫预约时段；美术馆开放、票务与阿尔罕布拉各区域需分别核对，不能默认阿宫票全包含。
顺路：阿尔罕布拉当天体力有余再加，不必为它单独延长一晚。
景点官网：https://www.museosdeandalucia.es/web/museodebellasartesdegranada/las-colecciones
位置来源：https://en.wikipedia.org/wiki/Museo_de_Bellas_Artes_de_Granada
位置为旅行规划参考，不代表售票口或唯一入口。","https://www.museosdeandalucia.es/web/museodebellasartesdegranada/las-colecciones"
"科尔多瓦 · 01 科尔多瓦清真寺大教堂","科尔多瓦","37.87916667","-4.77972222","经典景点","清真寺大教堂以密集的红白相间拱券闻名，历史清真寺的空间中又融入了后来的基督教堂建筑。行走其中，既能看到重复柱列带来的秩序，也能体会不同宗教时期对建筑的延续与改变。
建议预留：1.5–2 小时
看点：红白双层拱券、米哈拉布周围的精细装饰，以及中央教堂空间与旧柱厅的对比。
参观提示：这是科尔多瓦最值得优先安排的室内景点。建议配合导览理解空间层次，并在进门前区分礼拜与旅游参观安排。
景点官网：https://www.spain.info/en/destination/cordoba/
位置来源：https://en.wikipedia.org/wiki/Mosque%E2%80%93Cathedral_of_C%C3%B3rdoba
位置为旅行规划参考，不代表售票口或唯一入口。","https://www.spain.info/en/destination/cordoba/"
"科尔多瓦 · 02 罗马桥","科尔多瓦","37.87666667","-4.77805556","经典景点","罗马桥跨越瓜达尔基维尔河，起源于罗马时期，之后经历多次修复。今天从桥上步行，最重要的体验是回望老城与清真寺大教堂，同时看到河流、城门和防御设施如何共同构成城市的历史入口。
建议预留：30–45 分钟
看点：桥门、对岸卡拉奥拉塔，以及从南岸望向老城的全景。
参观提示：参观清真寺大教堂后过桥再回城很顺路；想拍城市天际线，可比较桥面与南岸两个视角。
景点官网：https://www.spain.info/en/destination/cordoba/
位置来源：https://en.wikipedia.org/wiki/Roman_bridge_of_C%C3%B3rdoba
位置为旅行规划参考，不代表售票口或唯一入口。","https://www.spain.info/en/destination/cordoba/"
"科尔多瓦 · 03 犹太区","科尔多瓦","37.87899243","-4.78169556","经典景点","科尔多瓦犹太区紧邻清真寺大教堂，狭窄街巷、白墙和小庭院保留了老城细密的空间尺度。它适合结合犹太会堂等历史点位理解社区过去，也适合以散步的方式观察花卉、门窗和庭院生活。
建议预留：1–1.5 小时
看点：犹太会堂周边、传统白墙巷道与庭院细节；附近百花巷可顺路经过。
参观提示：不要把五月庭院节的开放范围当作四月常态；想进入某个庭院或小型场馆，需核对其单独开放安排。
景点官网：https://www.spain.info/en/destination/cordoba/
位置来源：https://es.wikipedia.org/wiki/Juder%C3%ADa_de_C%C3%B3rdoba
位置为旅行规划参考，不代表售票口或唯一入口。","https://www.spain.info/en/destination/cordoba/"
"科尔多瓦 · 04 基督教君主城堡","科尔多瓦","37.87722222","-4.78194444","经典景点","基督教君主城堡兼有防御建筑和宫廷空间的特点，但许多游客最喜欢的是内部庭院及层层展开的花园。塔楼、城墙、长水池和修剪整齐的植物组合，让这里呈现出与清真寺大教堂截然不同的参观节奏。
建议预留：1–1.5 小时
看点：花园水池的轴线、庭院，以及开放塔楼上的景观。
参观提示：可与罗马桥放在同一片区域游览；花园和塔楼的开放范围可能不同，购票前核对当日可参观内容。
景点官网：https://www.spain.info/en/destination/cordoba/
位置来源：https://en.wikipedia.org/wiki/Alc%C3%A1zar_de_los_Reyes_Cristianos
位置为旅行规划参考，不代表售票口或唯一入口。","https://www.spain.info/en/destination/cordoba/"
"科尔多瓦 · 05 维亚纳宫","科尔多瓦","37.88853276","-4.77381612","宅邸与收藏","如果东海岸路线保留科尔多瓦过夜，我很建议把这座宫邸加进去。庭院之外，上层还有家族积累的瓷砖、皮革工艺、挂毯、书籍与艺术陈设；只逛庭院会错过最贴近你们兴趣的收藏部分。
建议预留：1.5–2 小时
看点：庭院的空间变化，以及宫内瓷砖、装饰皮革、挂毯与书房收藏；两条线合起来才更完整。
参观提示：买票时区分庭院票与含宫内收藏的参观，确认讲解场次。内陆 17 天路线不经过科尔多瓦，此处属于东海岸路线或另行调整后的选择。
顺路：抵达日大清真寺，次日上午维亚纳宫后再出发；不必强行塞进短暂停车。
景点官网：https://www.palaciodeviana.com/casa-palacio/colecciones/
位置来源：https://es.wikipedia.org/wiki/Palacio_de_Viana_%28C%C3%B3rdoba%29
位置为旅行规划参考，不代表售票口或唯一入口。","https://www.palaciodeviana.com/casa-palacio/colecciones/"
"科尔多瓦 · 06 胡里奥·罗梅罗·德·托雷斯博物馆","科尔多瓦","37.88133","-4.77485","美术馆","一座围绕科尔多瓦本地画家展开的专题馆，通过家庭背景、创作阶段、人物与城市意象来理解他的艺术。它不靠巨大规模取胜，适合在古城散步时用一小时，把看到的安达卢西亚街巷与画中的地方气质联系起来。
建议预留：45–75 分钟
看点：家庭背景、早期作品与“科尔多瓦精神”等展室；重点看人物和象征意象。
参观提示：现行周一闭馆。若只有半天科尔多瓦，先保留大清真寺；喜欢宅邸收藏则维亚纳优先于此馆。
顺路：小马广场一带散步顺访，适合已有一晚住宿的行程。
景点官网：https://museojulioromero.cordoba.es/
位置来源：https://en.wikipedia.org/wiki/Julio_Romero_de_Torres_Museum
位置为旅行规划参考，不代表售票口或唯一入口。","https://museojulioromero.cordoba.es/"
"马拉加 · 01 马拉加城堡","马拉加","36.72138889","-4.41555556","经典景点","马拉加城堡 Alcazaba 是依山而建的伊斯兰时期宫堡，城墙、门道和庭院随着地势层层升高。它既有防御设施的厚重，也有水池、植物和拱廊带来的细腻空间；从这里还能看见山脚罗马剧场与现代港口，体会城市不同时代的重叠。
建议预留：1–1.5 小时
看点：折转的城门通道、庭院拱廊与花园，以及俯瞰老城和海港的视角。
参观提示：可先看山脚的罗马剧场，再上行参观宫堡。它与更高处的希布拉尔法罗城堡是两处景点，安排交通时要分别定位。
景点官网：https://www.spain.info/en/destination/malaga/
位置来源：https://en.wikipedia.org/wiki/Alcazaba_of_M%C3%A1laga
位置为旅行规划参考，不代表售票口或唯一入口。","https://www.spain.info/en/destination/malaga/"
"马拉加 · 02 毕加索博物馆","马拉加","36.72166667","-4.41833333","美术馆","马拉加是毕加索的出生地，这座博物馆通过绘画、雕塑、陶瓷等作品呈现他不断改变表达方式的创作过程。馆舍本身是一座历史宫邸，适合在较亲切的尺度中看作品如何从人物形象、线条和材料出发，逐渐走向不同艺术实验。
建议预留：1.5–2 小时
看点：比较不同阶段的人像、造型与材料处理；同时留意宫邸庭院和展厅建筑。
参观提示：常设展与临时展内容会变化，出发前看展览介绍，挑自己感兴趣的主题；这里不是收藏所有毕加索最著名作品的综合馆。
景点官网：https://www.spain.info/en/places-of-interest/museum-picasso-malaga/
位置来源：https://en.wikipedia.org/wiki/Museo_Picasso_M%C3%A1laga
位置为旅行规划参考，不代表售票口或唯一入口。","https://www.spain.info/en/places-of-interest/museum-picasso-malaga/"
"马拉加 · 03 希布拉尔法罗城堡","马拉加","36.72333333","-4.41083333","经典景点","希布拉尔法罗城堡位于马拉加老城上方的山脊，过去承担保护下方宫堡和控制周边通道的任务。今天的主要体验是沿城墙步行，从高处辨认港口、斗牛场、海岸和城市街区，适合想看马拉加整体地形的人。
建议预留：城堡内约 1 小时；步行上下山另计
看点：城墙步道、塔楼与海港全景；从不同转角比较城市和海岸线的方向。
参观提示：山路较陡，可按体力选择步行或乘车上山；傍晚适合看城市色调变化，但要先核对闭馆时间，避免只赶上门口。
景点官网：https://www.spain.info/en/destination/malaga/
位置来源：https://en.wikipedia.org/wiki/Gibralfaro
位置为旅行规划参考，不代表售票口或唯一入口。","https://www.spain.info/en/destination/malaga/"
"马拉加 · 04 马拉格塔海滩","马拉加","36.71719734","-4.40981143","经典景点","马拉格塔是距离市中心较近的城市海滩，背后连接滨海步道，适合在博物馆和老城行程之间留一段海边休息。这里的吸引力是方便、开放和有生活气息：可以看海、散步，也能顺路延伸到港区。
建议预留：1–2 小时；用餐另留时间
看点：沙滩上的 Malagueta 标识、海岸步道与临海城市景观。
参观提示：从老城步行到海边时可串联港区。四月海风可能偏凉，把它当作散步与午餐地点会比专门安排长时间下水更灵活。
景点官网：https://www.spain.info/en/destination/malaga/
位置来源：https://es.wikipedia.org/wiki/Playa_de_La_Malagueta
位置为旅行规划参考，不代表售票口或唯一入口。","https://www.spain.info/en/destination/malaga/"
"马拉加 · 05 卡门·提森博物馆","马拉加","36.72138889","-4.42277778","美术馆","以卡门·提森收藏为基础，适合看十九世纪西班牙、尤其安达卢西亚的风景和生活题材。相较毕加索的形式探索，这里更容易把画面与旅途中的城市、乡野和地方风情联系起来，是马拉加很值得补的一座馆。
建议预留：1.5–2 小时
看点：浪漫主义风景、风俗画与世纪之交绘画；馆设于历史宫邸，但不是提森家族保留原样的居所。
参观提示：时间有限时与毕加索馆按兴趣二选一；喜欢传统绘画和地方风景，优先这里。临展票务另查。
顺路：老城慢行＋提森＋海边晚餐，很适合马拉加休整日。
景点官网：https://www.carmenthyssenmalaga.org/coleccion
位置来源：https://en.wikipedia.org/wiki/Carmen_Thyssen_Museum
位置为旅行规划参考，不代表售票口或唯一入口。","https://www.carmenthyssenmalaga.org/coleccion"
"马拉加 · 06 马拉加博物馆","马拉加","36.720087","-4.417401","地方特色","在旧海关宫中同时看地方考古与美术，比只看海滨更能理解马拉加。馆史还与洛林侯爵家族等私人收藏的汇入有关，适合对“藏品怎样从私人宅园进入公共博物馆”感兴趣的人。
建议预留：1.5–2.5 小时
看点：洛林考古收藏的线索、当地历史与绘画；按考古或美术兴趣选一条主线即可。
参观提示：这是一座公共博物馆，原家族庄园并非此处；不要把展示中的旧收藏误作完整原宅陈设。
顺路：与城堡、罗马剧场周边同一天，但爬山和看馆之间留休息。
景点官网：https://www.museosdeandalucia.es/web/museodemalaga/historia
位置来源：https://en.wikipedia.org/wiki/Museo_de_M%C3%A1laga
位置为旅行规划参考，不代表售票口或唯一入口。","https://www.museosdeandalucia.es/web/museodemalaga/historia"
"龙达 · 01 龙达新桥","龙达","36.74074722","-5.16590278","经典景点","龙达新桥跨越陡峭的埃尔塔霍峡谷，连接被河谷分开的城市两侧。“新桥”是相对于城中更早的桥而言，厚重石桥与垂直崖壁共同构成龙达最鲜明的景观。站在桥面看深谷，与从侧面看整座桥，是两种不同的体验。
建议预留：桥面与附近观景点约 45–60 分钟
看点：桥下峡谷、桥头观景位置，以及从周边步道看到的桥体与悬崖组合。
参观提示：先从城内的正规观景点看桥；若想下行找角度，要另留往返时间，并按当日步道开放情况选择路线。
景点官网：https://www.spain.info/en/destination/ronda/
位置来源：https://en.wikipedia.org/wiki/Puente_Nuevo
位置为旅行规划参考，不代表售票口或唯一入口。","https://www.spain.info/en/destination/ronda/"
"龙达 · 02 龙达斗牛场","龙达","36.742361","-5.167067","经典景点","龙达斗牛场以圆形竞技场、砂色地面和连续拱廊见长，是了解当地斗牛传统与建筑类型的历史场所。即使对表演本身兴趣不大，也能从看台的环形布局、进出通道和展览中理解这项活动曾怎样影响城市文化。
建议预留：45–75 分钟
看点：环绕场地的石柱拱廊、看台对称感，以及馆内有关历史和服饰的展示。
参观提示：常规建筑参观不等于观看斗牛表演；按个人兴趣选择是否入内，入场前核对当天开放的展区与场地。
景点官网：https://www.spain.info/en/destination/ronda/
位置来源：https://en.wikipedia.org/wiki/Plaza_de_Toros_de_Ronda
位置为旅行规划参考，不代表售票口或唯一入口。","https://www.spain.info/en/destination/ronda/"
"龙达 · 03 阿拉伯浴场","龙达","36.73888728","-5.16279163","经典景点","龙达阿拉伯浴场位于老城较低处，保留了中世纪公共浴场的主要空间结构。它展示的不是奢华宫廷，而是清洁、社交和用水技术如何组成城市日常；进入低矮拱顶下，更容易理解冷、温、热不同房间之间的关系。
建议预留：30–45 分钟
看点：砖石拱券、星形采光孔，以及帮助理解供水和加热方式的遗迹。
参观提示：从新桥和老城下行到这里会有坡度，回程也需留体力；可与老桥一带合并，避免为一个小景点单独多次上下山。
景点官网：https://www.spain.info/en/destination/ronda/
位置来源：https://es.wikipedia.org/wiki/Ba%C3%B1os_%C3%A1rabes_de_Ronda
位置为旅行规划参考，不代表售票口或唯一入口。","https://www.spain.info/en/destination/ronda/"
"托莱多 · 01 托莱多大教堂","托莱多","39.85708333","-4.02388889","经典景点","托莱多大教堂是城市最重要的宗教建筑之一，哥特式空间中汇集了祭坛、雕刻、绘画与历代装饰。与外部紧凑的老城街道相比，内部尺度显得格外开阔，适合花时间观察不同礼拜堂和艺术作品如何共同构成完整的宗教空间。
建议预留：1.5–2 小时
看点：主祭坛、唱诗班席、彩色玻璃，以及圣器室收藏；具体开放区域依当日安排。
参观提示：先确定教堂参观时段，再串联老城其他小景点。内容较多，配合导览比只快速穿过中殿更能看懂。
景点官网：https://www.spain.info/en/destination/toledo/
位置来源：https://en.wikipedia.org/wiki/Toledo_Cathedral
位置为旅行规划参考，不代表售票口或唯一入口。","https://www.spain.info/en/destination/toledo/"
"托莱多 · 02 圣多美教堂","托莱多","39.8568","-4.0281","经典景点","圣多美教堂最著名的是埃尔·格列柯的《奥尔加斯伯爵的葬礼》。作品将下方现实世界的葬礼人物与上方宗教天国场景连接起来，修长形体、冷暖色调和人物表情体现了画家极具辨识度的风格，是托莱多艺术行程的重点。
建议预留：30–45 分钟
看点：观察画作上下两个层次如何通过人物动作与视线相连，再看下部肖像群的细节。
参观提示：它更适合专程看一件关键作品，不必按大型博物馆预留时间；进入对应参观区域后，按现场要求拍照与停留。
景点官网：https://www.spain.info/en/destination/toledo/
位置来源：https://en.wikipedia.org/wiki/Church_of_Santo_Tom%C3%A9%2C_Toledo
位置为旅行规划参考，不代表售票口或唯一入口。","https://www.spain.info/en/destination/toledo/"
"托莱多 · 03 山谷观景台","托莱多","39.850369","-4.022117","经典景点","山谷观景台位于塔霍河对岸，能把托莱多的城墙、河湾、山坡和主要建筑收进同一视野。相比在老城内逐个寻找地标，这里更适合先理解城市为什么建在这处高地，以及河流怎样环抱历史城区。
建议预留：30–45 分钟，另加往返交通
看点：河湾曲线、托莱多城堡与大教堂在屋顶之间形成的天际线。
参观提示：位置不在老城核心步行区，安排好往返交通再出发；可作为到达或离开托莱多时的一站，不必硬塞进密集的室内参观中。
景点官网：https://www.spain.info/en/destination/toledo/
位置来源：https://commons.wikimedia.org/wiki/File:Mirador_del_Valle_-_Toledo.jpeg
位置为旅行规划参考，不代表售票口或唯一入口。","https://www.spain.info/en/destination/toledo/"
"托莱多 · 04 格列柯博物馆","托莱多","39.856","-4.029","美术馆","在托莱多看过圣多美教堂后，这座专题馆能补充格列柯与城市的关系。需要特别说明：它不是格列柯真实居住过的那栋房子，而是后来收藏家在历史住宅基础上创建的博物馆，曾以重建画家生活氛围为构想。
建议预留：1–1.5 小时
看点：画家作品与专题展陈、博物馆创建史和住宅空间；不要把重构的氛围当作艺术家原物原址。
参观提示：只有半天托莱多时，可在大教堂、圣多美教堂之后按体力选；住一晚才更适合慢慢看。
顺路：与犹太区、圣多美教堂同片区安排；对格列柯兴趣强再加。
景点官网：https://www.cultura.gob.es/mgreco/museo/casa-museo.html
位置来源：https://en.wikipedia.org/wiki/El_Greco_Museum%2C_Toledo
位置为旅行规划参考，不代表售票口或唯一入口。","https://www.cultura.gob.es/mgreco/museo/casa-museo.html"
"塞哥维亚 · 01 古罗马渡槽","塞哥维亚","40.9479","-4.1178","经典景点","塞哥维亚古罗马渡槽是古代城市供水工程的鲜明遗存，高大的花岗岩拱券跨越广场，依靠精密的石块排列与结构受力保持稳定。它既是一处古迹，也仍然深深嵌在今天的城市生活中，走近看石块与退远看整体都有意思。
建议预留：30–45 分钟
看点：阿索格霍广场上方的双层拱券、石块接缝，以及从邻近高处看到的渡槽延伸方向。
参观提示：从渡槽一带开始步行进入老城很顺路。拍完广场正面后，可在允许通行的高处换个视角，再沿主街前往大教堂。
景点官网：https://www.spain.info/en/destination/segovia/
位置来源：https://en.wikipedia.org/wiki/Aqueduct_of_Segovia
位置为旅行规划参考，不代表售票口或唯一入口。","https://www.spain.info/en/destination/segovia/"
"塞哥维亚 · 02 塞哥维亚城堡","塞哥维亚","40.9525","-4.1325","经典景点","塞哥维亚城堡占据河谷交汇附近的岩石高地，尖塔、城墙与狭长地形让它具有鲜明的剪影。内部展现王室和军事历史，外部则适合观察城堡如何利用地势形成防御优势；无需借助童话联想，建筑本身就足够吸引人。
建议预留：1–1.5 小时；登塔另留约半小时
看点：尖塔外观、装饰厅室与盔甲展示；若登塔，可从高处回看老城和周边平原。
参观提示：登塔通常涉及较多狭窄台阶，按体力选择；主建筑与塔楼的参观内容可能分开，购票时确认即可。
景点官网：https://www.spain.info/en/destination/segovia/
位置来源：https://en.wikipedia.org/wiki/Alc%C3%A1zar_of_Segovia
位置为旅行规划参考，不代表售票口或唯一入口。","https://www.spain.info/en/destination/segovia/"
"塞哥维亚 · 03 塞哥维亚大教堂","塞哥维亚","40.95","-4.12528","经典景点","塞哥维亚大教堂位于老城主广场边，浅色石材与密集尖塔形成轻盈的天际轮廓。内部哥特式柱列与拱顶强调向上的空间感，和附近王城、渡槽一起，可以看见这座小城横跨古罗马、中世纪与后续时期的历史层次。
建议预留：45–75 分钟
看点：主广场方向的整体外观、内部高耸拱顶、回廊及彩色玻璃。
参观提示：可放在渡槽到城堡的步行线路中间，正好形成休息节点；若想参加钟楼等专项参观，需要额外核对时段。
景点官网：https://www.spain.info/en/destination/segovia/
位置来源：https://en.wikipedia.org/wiki/Segovia_Cathedral
位置为旅行规划参考，不代表售票口或唯一入口。","https://www.spain.info/en/destination/segovia/"
"萨拉曼卡 · 01 萨拉曼卡大学","萨拉曼卡","40.96138889","-5.66666667","经典景点","萨拉曼卡大学拥有悠久的学术传统，历史校舍以繁复的银匠式立面闻名。浮雕细密得像金属工艺，适合慢慢辨认人物、纹章和装饰。与热闹的学生城市结合着看，才更能体会这座大学对萨拉曼卡身份的持续影响。
建议预留：45–75 分钟
看点：历史校舍立面的层层雕饰、著名“找青蛙”细节，以及开放参观的庭院和教室。
参观提示：先退后看立面的整体结构，再近看细节；图书馆等空间不一定能自由进入，以参观线路为准，不要只为寻找青蛙错过建筑本身。
景点官网：https://www.spain.info/en/destination/salamanca/
位置来源：https://en.wikipedia.org/wiki/University_of_Salamanca
位置为旅行规划参考，不代表售票口或唯一入口。","https://www.spain.info/en/destination/salamanca/"
"萨拉曼卡 · 02 主广场","萨拉曼卡","40.965","-5.66416667","经典景点","萨拉曼卡主广场由统一的砂岩立面与拱廊围合，是这座大学城的公共客厅。白天适合看石材、浮雕肖像和建筑比例，傍晚则能感受到学生、居民与游客交错停留的城市节奏。广场不大，却很值得在不同时段经过。
建议预留：30–60 分钟
看点：拱廊上方的人物圆形浮雕、市政厅立面，以及夕光下砂岩逐渐变暖的色调。
参观提示：适合把咖啡或晚餐前的休息安排在这里，再步行前往大学区；想拍较完整的建筑，可清晨来一次、傍晚再经过一次。
景点官网：https://www.spain.info/en/destination/salamanca/
位置来源：https://en.wikipedia.org/wiki/Plaza_Mayor%2C_Salamanca
位置为旅行规划参考，不代表售票口或唯一入口。","https://www.spain.info/en/destination/salamanca/"
"萨拉曼卡 · 03 新旧大教堂","萨拉曼卡","40.96055556","-5.66583333","经典景点","萨拉曼卡的新、旧两座大教堂相互连接，分别体现较早的罗马式传统与后来的哥特式扩建。它们让建筑风格的演变变得具体可见：既能看老教堂较沉稳的比例，也能看新教堂更高更复杂的空间组织。
建议预留：1.5–2 小时；塔楼线路另计
看点：新旧教堂的结构差异、祭坛与塔楼轮廓；外立面上的宇航员是现代修复添加的细节。
参观提示：参观时先辨认自己进入的是新教堂还是旧教堂，避免漏看连接区域；宇航员雕刻不属于中世纪原作，适合作为有趣补充。
景点官网：https://www.spain.info/en/destination/salamanca/
位置来源：https://en.wikipedia.org/wiki/New_Cathedral_of_Salamanca
位置为旅行规划参考，不代表售票口或唯一入口。","https://www.spain.info/en/destination/salamanca/"
"圣地亚哥 · 01 圣地亚哥大教堂","圣地亚哥","42.88055556","-8.54444444","经典景点","圣地亚哥大教堂是圣地亚哥朝圣之路的重要终点，围绕圣雅各的宗教传统形成了持续多世纪的朝圣文化。建筑经历不同阶段扩建，巴洛克外观与内部较早的结构共同存在，适合结合朝圣者抵达的场景理解其意义。
建议预留：主体约 1–1.5 小时；含专项参观可留 2–3 小时
看点：荣耀门的雕刻、主祭坛及教堂空间；屋顶、博物馆等参观项目按所选票种安排。
参观提示：著名大香炉并非每场弥撒都会摆动，不要把它当作固定节目；礼拜、荣耀门及博物馆参观可能有不同安排，出发前分别核对。
景点官网：https://www.spain.info/en/destination/santiago-compostela/
位置来源：https://en.wikipedia.org/wiki/Santiago_de_Compostela_Cathedral
位置为旅行规划参考，不代表售票口或唯一入口。","https://www.spain.info/en/destination/santiago-compostela/"
"圣地亚哥 · 02 奥布拉多伊罗广场","圣地亚哥","42.8806","-8.5458","经典景点","奥布拉多伊罗广场是许多朝圣者抵达圣地亚哥时停留的地方，四周建筑分别呈现宗教、接待与城市公共生活的历史。它最动人的部分常常不是某一处细节，而是背包客抵达、合影、休息的场景与宏大建筑之间的对照。
建议预留：30–60 分钟
看点：大教堂正立面、拉霍伊宫，以及原为朝圣者提供接待服务的天主教双王旅舍建筑。
参观提示：先留一段时间在广场坐坐，再开始教堂参观；四周建筑不一定都能随意入内，外观欣赏已能理解广场的整体构成。
景点官网：https://www.spain.info/en/destination/santiago-compostela/
位置来源：https://en.wikipedia.org/wiki/Plaza_del_Obradoiro
位置为旅行规划参考，不代表售票口或唯一入口。","https://www.spain.info/en/destination/santiago-compostela/"
"圣地亚哥 · 03 阿拉梅达公园","圣地亚哥","42.87759","-8.5492","经典景点","阿拉梅达公园紧邻历史城区，是离开密集石街后放松的绿地。林荫步道与观景位置形成一条轻松路线，能从侧面看大教堂和老城屋顶，也能看到市民散步、跑步的日常，与朝圣广场的热闹形成不同气氛。
建议预留：45–75 分钟
看点：面向大教堂的经典观景位置、林荫步道及公园雕塑。
参观提示：可放在老城游览结束后，或选光线合适时来拍天际线；加利西亚天气变化较快，遇雨可把这段散步与室内参观互换。
景点官网：https://www.spain.info/en/destination/santiago-compostela/
位置来源：https://www.mypacer.com/parks/101440/alameda-santiago-de-compostela
位置为旅行规划参考，不代表售票口或唯一入口。","https://www.spain.info/en/destination/santiago-compostela/"
"毕尔巴鄂 · 01 古根海姆博物馆","毕尔巴鄂","43.26861111","-2.93388889","美术馆","毕尔巴鄂古根海姆博物馆由弗兰克·盖里设计，弯曲的钛金属表面随天气和光线产生丰富变化，是理解这座工业城市文化转型的重要地点。建筑外部、河岸公共艺术和馆内现当代艺术共同组成体验，不能只把它当作一个拍外观的地标。
建议预留：馆内 2–3 小时；外部与河岸约 45 分钟
看点：金属曲面与河流的关系、花卉小狗 Puppy、蜘蛛雕塑 Maman，以及馆内当期展览。
参观提示：先浏览当前展览，按兴趣分配时间；外部雕塑可以与河岸散步一起看，进入展厅后留意作品的摄影规定。
景点官网：https://www.guggenheim-bilbao.eus/en/guggenheimbilbaolive
位置来源：https://en.wikipedia.org/wiki/Guggenheim_Museum_Bilbao
位置为旅行规划参考，不代表售票口或唯一入口。","https://www.guggenheim-bilbao.eus/en/guggenheimbilbaolive"
"毕尔巴鄂 · 02 老城区七条街","毕尔巴鄂","43.25722222","-2.92388889","经典景点","毕尔巴鄂老城区以历史上的“七条街”为核心，尺度紧凑的街道连接教堂、商铺、酒吧与广场。和古根海姆一带的现代河岸相比，这里更能看到城市的商业起源与日常生活，适合通过步行和小吃慢慢体验巴斯克文化。
建议预留：1.5–2 小时；用餐可再留 1 小时
看点：七条街巷的城市纹理、圣地亚哥主教座堂周边，以及新广场的拱廊和酒吧。
参观提示：可按“河岸—里贝拉市场—七条街—新广场”串联；想尝 pintxos 小食，可每家少量点选，给下一家留些胃口。
景点官网：https://www.spain.info/es/ruta/bilbao-dos-dias/
位置来源：https://en.wikipedia.org/wiki/Casco_Viejo
位置为旅行规划参考，不代表售票口或唯一入口。","https://www.spain.info/es/ruta/bilbao-dos-dias/"
"毕尔巴鄂 · 03 里贝拉市场","毕尔巴鄂","43.2555","-2.9242","经典景点","里贝拉市场位于老城边的河岸，是把食材采购与城市空间连在一起的好去处。市场建筑与河流、桥梁和邻近教堂共同构成鲜明街景；进入内部，则可从海鲜、肉类和蔬果等摊位认识当地饮食，而不只是坐下来吃小食。
建议预留：45–75 分钟
看点：临河建筑立面、采光空间和生鲜摊位；周边河岸也适合散步拍照。
参观提示：采购摊位和餐饮区域的营业安排可能不同，按想体验的部分选择到访时间；可与七条街同日安排，少走回头路。
景点官网：https://www.spain.info/es/ruta/bilbao-dos-dias/
位置来源：https://en.wikipedia.org/wiki/Mercado_de_la_Ribera
位置为旅行规划参考，不代表售票口或唯一入口。","https://www.spain.info/es/ruta/bilbao-dos-dias/"
"圣塞巴斯蒂安 · 01 贝壳海滩","圣塞巴斯蒂安","43.3175","-1.98666667","经典景点","贝壳海滩沿圣塞巴斯蒂安的弧形海湾展开，近海小岛与两端山丘共同塑造出极易辨认的轮廓。这里既是自然景观，也是城市公共空间，沿步道慢走能看到海湾、建筑立面和市民生活在同一条线上展开。
建议预留：1–1.5 小时；海边休闲可更久
看点：弯月形海湾、标志性的白色栏杆，以及海湾中央的圣克拉拉岛。
参观提示：海滩宽度会随潮汐变化，安排沙滩活动前留意潮位；四月可以散步为主，再按风雨情况决定是否延长停留。
景点官网：https://sansebastianturismoa.eus/hacer/playas/playa-de-la-concha/
位置来源：https://en.wikipedia.org/wiki/Beach_of_La_Concha
位置为旅行规划参考，不代表售票口或唯一入口。","https://sansebastianturismoa.eus/hacer/playas/playa-de-la-concha/"
"圣塞巴斯蒂安 · 02 伊格尔多山","圣塞巴斯蒂安","43.32139444","-2.00953056","经典景点","伊格尔多山位于海湾西侧，从高处能清楚看出贝壳湾、圣克拉拉岛和城市之间的空间关系。历史缆车和山顶休闲设施让上山过程本身也有趣，但最值得停留的仍是随着视角变化展开的海岸全景。
建议预留：约 1–1.5 小时，含一般上山停留
看点：俯瞰整座海湾的观景位置，以及上山缆车带来的老式交通体验。
参观提示：云低或雨大时景观会受影响，可把它安排在天气较好的半天；缆车、观景区域和游乐项目可能分别收费与开放。
景点官网：https://sansebastianturismoa.eus/en/to-do/district-by-district/antiguo-igeldo/
位置来源：https://es.wikipedia.org/wiki/Parque_de_Atracciones_Monte_Igueldo
位置为旅行规划参考，不代表售票口或唯一入口。","https://sansebastianturismoa.eus/en/to-do/district-by-district/antiguo-igeldo/"
"圣塞巴斯蒂安 · 03 老城区","圣塞巴斯蒂安","43.32333333","-1.985","经典景点","圣塞巴斯蒂安老城区位于乌尔古尔山脚，是体验 pintxos 小食文化的重要区域。窄街、教堂与广场之间分布着许多酒吧，食物常以小份呈现；边走边尝几家，比一次坐下来点满一桌更能体会当地用餐节奏。
建议预留：散步约 1 小时；含小食巡游 2–3 小时
看点：宪法广场、圣维森特教堂周边，以及不同酒吧的招牌小食。
参观提示：每家先点一两样，冷盘展示与现做热食的点法可能不同，可直接询问店员；午晚餐高峰较热闹，预留排队弹性。
景点官网：https://sansebastianturismoa.eus/
位置来源：https://es.wikipedia.org/wiki/Parte_Vieja
位置为旅行规划参考，不代表售票口或唯一入口。","https://sansebastianturismoa.eus/"
"萨拉戈萨 · 01 皮拉尔圣母大教堂","萨拉戈萨","41.65694444","-0.87833333","经典景点","皮拉尔圣母大教堂紧邻埃布罗河，以巨大的巴洛克建筑体量和多座穹顶构成萨拉戈萨最鲜明的天际线。它也是重要的圣母朝圣场所；从河对岸看整体，再到内部看礼拜堂与绘画，能得到更完整的印象。
建议预留：1–1.5 小时
看点：彩色穹顶、圣母相关礼拜空间，以及戈雅参与创作的壁画；河对岸适合看全景。
参观提示：可从广场进入，再沿石桥附近散步看外观；这里有持续的宗教活动，拍照和参观需服从各区域现场要求。
景点官网：https://www.spain.info/en/destination/zaragoza/
位置来源：https://en.wikipedia.org/wiki/Cathedral-Basilica_of_Our_Lady_of_the_Pillar
位置为旅行规划参考，不代表售票口或唯一入口。","https://www.spain.info/en/destination/zaragoza/"
"萨拉戈萨 · 02 阿尔哈费里亚宫","萨拉戈萨","41.656472","-0.89675","经典景点","阿尔哈费里亚宫起源于十一世纪的伊斯兰宫廷建筑，后来经历基督教君主时期的改建，因此能在同一座建筑中看到多种装饰语言。外部像堡垒，内部却有精巧的庭院与交错拱券，是理解阿拉贡地区文化交汇的关键景点。
建议预留：1–1.5 小时
看点：庭院的细密拱券、伊斯兰装饰遗存，以及后期王室空间中的木作与天花板。
参观提示：宫殿也与现代议会使用有关，参观时段和路线需提前核对；建议借助导览辨认不同建造阶段，避免把所有装饰看成同一时期。
景点官网：https://www.spain.info/en/places-of-interest/palace-aljaferia/
位置来源：https://en.wikipedia.org/wiki/Aljafer%C3%ADa
位置为旅行规划参考，不代表售票口或唯一入口。","https://www.spain.info/en/places-of-interest/palace-aljaferia/"
"萨拉戈萨 · 03 救世主主教座堂","萨拉戈萨","41.65456","-0.87585","经典景点","救世主主教座堂又称 La Seo，坐落在多种宗教建筑曾经使用过的位置，整体融合罗马式、哥特式、穆德哈尔及后期元素。它与附近的皮拉尔大教堂风格不同，尤其适合对建筑细节和装饰材料感兴趣的游客。
建议预留：1–1.5 小时
看点：外墙的穆德哈尔砖与瓷砖装饰、内部礼拜堂，以及馆藏佛兰德挂毯。
参观提示：与皮拉尔大教堂距离近，可并排比较两者风格；想看挂毯馆时，购票前确认参观项目及开放区域。
景点官网：https://www.spain.info/en/destination/zaragoza/
位置来源：https://en.wikipedia.org/wiki/Cathedral_of_the_Savior_of_Zaragoza
位置为旅行规划参考，不代表售票口或唯一入口。","https://www.spain.info/en/destination/zaragoza/"
"萨拉戈萨 · 04 巴勃罗·加尔加略博物馆（重开后备选）","萨拉戈萨","41.6548","-0.882406","美术馆","在阿尔吉略宫内看雕塑家加尔加略的作品、纸板模型与创作过程，能把传统宫邸建筑和现代雕塑连在一起。但市政府官网目前仍显示因设施与无障碍改造临时闭馆，不能作为这次途中一晚的确定安排。
建议预留：重开后建议预留 1–1.5 小时
看点：重开后可关注金属雕塑的空与实、模型和成品的关系；馆址是历史宫殿，不是雕塑家的原宅。
参观提示：截至本次核对官方仍显示闭馆，待确认 2027 日期开放后再选。当前行程仍以皮拉尔圣母大教堂、阿尔哈费里亚宫为主。
顺路：暂不为此加住宿，开放后才作为老城文化加餐。
景点官网：https://www.zaragoza.es/sede/portal/museos/pablo-gargallo/
位置来源：https://es.wikipedia.org/wiki/Museo_Pablo_Gargallo
位置为旅行规划参考，不代表售票口或唯一入口。","https://www.zaragoza.es/sede/portal/museos/pablo-gargallo/"
"赫罗纳 · 01 赫罗纳大教堂","赫罗纳","41.9875","2.82638889","经典景点","赫罗纳大教堂坐落在老城高处，宽阔台阶把街巷与庄严立面连接起来。建筑结合了不同时期的结构与装饰，内部尤其以宽大的哥特式中殿著称；馆藏艺术则让参观从看建筑延伸到理解中世纪宗教图像。
建议预留：1–1.5 小时
看点：大台阶与立面、宽阔的单中殿，以及馆藏《创世挂毯》；依实际开放展区参观。
参观提示：老城石阶较多，可先上行到大教堂，再顺坡逛犹太区；登上台阶拍外观与购票进入教堂是两种不同的安排。
景点官网：https://www.spain.info/en/destination/girona/
位置来源：https://en.wikipedia.org/wiki/Girona_Cathedral
位置为旅行规划参考，不代表售票口或唯一入口。","https://www.spain.info/en/destination/girona/"
"赫罗纳 · 02 奥尼亚尔河彩色房屋","赫罗纳","41.9844","2.82402","经典景点","奥尼亚尔河两岸的彩色房屋是赫罗纳最直观的城市名片，黄、橙、红等立面沿水面连续排列。这里的重点不在某一栋房子，而在河道、桥梁、建筑与远处教堂共同组成的层次，适合边走边比较不同桥上的画面。
建议预留：30–45 分钟
看点：各座跨河桥上的彩色房屋倒影，以及铁桥结构框住老城的视角。
参观提示：选两三座桥串联即可，晴天与阴天各有色彩变化；多数沿河建筑仍有实际用途，拍照以公共桥面和步道为主。
景点官网：https://www.spain.info/en/destination/girona/
位置来源：https://es.wikipedia.org/wiki/Casas_del_O%C3%B1ar
位置为旅行规划参考，不代表售票口或唯一入口。","https://www.spain.info/en/destination/girona/"
"赫罗纳 · 03 犹太区与古城墙","赫罗纳","41.98611111","2.82555556","经典景点","赫罗纳犹太区由紧密的石巷、台阶和庭院组成，保存了历史社区的空间气氛；古城墙则把视线从巷道抬升到屋顶和远山。先在街区内走，再到城墙看整体，可以把老城的细节与格局联系起来。
建议预留：1.5–2 小时；入馆另留时间
看点：Força 街周边的石巷、犹太历史相关场馆，以及城墙步道上的屋顶全景。
参观提示：城墙有台阶和起伏，按体力选择一段即可；如想了解犹太社区历史，可加入博物馆，不必只把街区当作拍照背景。
景点官网：https://www.spain.info/en/destination/girona/
位置来源：https://es.wikipedia.org/wiki/Barrio_jud%C3%ADo_de_Gerona
位置为旅行规划参考，不代表售票口或唯一入口。","https://www.spain.info/en/destination/girona/"
"阿利坎特 · 01 圣巴巴拉城堡","阿利坎特","38.34888889","-0.47805556","经典景点","圣巴巴拉城堡占据贝纳坎蒂尔山顶，是阿利坎特城市与海岸之间最醒目的制高点。城堡经历不同阶段扩建，沿平台和城墙移动时，能看见旧城区、港口与海滩逐步展开，也能理解这处高地的防御价值。
建议预留：1–1.5 小时；步行上山另计
看点：不同高度的城堡平台、城墙轮廓，以及向下俯瞰波斯蒂盖海滩和港口的视野。
参观提示：可按体力选择步行或查询电梯等上山方式；山顶遮阴较少，安排好饮水与休息，再下山接老城散步。
景点官网：https://www.spain.info/en/destination/alicante-alacant/
位置来源：https://en.wikipedia.org/wiki/Santa_B%C3%A0rbara_Castle
位置为旅行规划参考，不代表售票口或唯一入口。","https://www.spain.info/en/destination/alicante-alacant/"
"阿利坎特 · 02 西班牙滨海步道","阿利坎特","38.343349","-0.483251","经典景点","西班牙滨海步道沿港口展开，以红、白、黑相间的波浪纹地面和棕榈树列形成鲜明印象。它不是需要购票进入的单一景点，而是一段适合放慢脚步的城市公共空间，可以把港口、街边建筑与沿途休息串在一起。
建议预留：30–60 分钟
看点：起伏错觉般的马赛克铺地、棕榈树影，以及港口方向的城市景观。
参观提示：适合在城堡或老城游览后经过，顺便安排咖啡与晚餐；拍地面图案时注意给行人留出通道。
景点官网：https://www.spain.info/en/destination/alicante-alacant/
位置来源：https://es.wikipedia.org/wiki/Paseo_de_la_Explanada
位置为旅行规划参考，不代表售票口或唯一入口。","https://www.spain.info/en/destination/alicante-alacant/"
"阿利坎特 · 03 波斯蒂盖海滩","阿利坎特","38.34658","-0.47588","经典景点","波斯蒂盖海滩紧靠市中心和城堡山脚，让阿利坎特的历史景点与海边休闲可以轻松连接。与需要专门开车前往的度假海滩相比，它更适合短时间停留：沿水边走一段、回望山顶城堡，再继续城市行程。
建议预留：1–2 小时
看点：沙滩与圣巴巴拉城堡同框的视角、海边步道及港区附近的开阔景色。
参观提示：可与滨海步道合并成一段轻松路线；四月按当天海风和体感决定停留时长，无需为了下水打乱整体安排。
景点官网：https://www.spain.info/en/destination/alicante-alacant/
位置来源：https://es.wikipedia.org/wiki/Playa_del_Postiguet
位置为旅行规划参考，不代表售票口或唯一入口。","https://www.spain.info/en/destination/alicante-alacant/"
"加的斯 · 01 加的斯大教堂","加的斯","36.529135","-6.295254","经典景点","加的斯大教堂的浅色石墙和黄色穹顶构成老城临海天际线的重要部分，建筑融合巴洛克与新古典主义特征。它体现了海港城市昔日的繁荣；从狭窄街道走到教堂前的广场，再看向海边，空间变化很有戏剧感。
建议预留：1–1.5 小时；登塔另留时间
看点：黄色穹顶、内部柱列与地下墓室；开放塔楼可提供老城和海岸视角。
参观提示：教堂与塔楼是否同时开放需核对；可与老城步行连在一起，再向拉卡莱塔海滩方向移动。
景点官网：https://www.spain.info/en/destination/cadiz/
位置来源：https://en.wikipedia.org/wiki/C%C3%A1diz_Cathedral
位置为旅行规划参考，不代表售票口或唯一入口。","https://www.spain.info/en/destination/cadiz/"
"加的斯 · 02 拉卡莱塔海滩","加的斯","36.53027778","-6.30583333","经典景点","拉卡莱塔海滩被老城和两侧防御建筑围合，是加的斯很有生活气息的一片海湾。渔船、海面、沙滩和古堡共同构成紧凑景观，适合短距离散步与看日落，而不是追求一望无际的大型度假海滩。
建议预留：1–1.5 小时
看点：圣卡塔利娜与圣塞巴斯蒂安两座城堡方向的轮廓、停泊小船和傍晚海面。
参观提示：想看日落可先留意当天云量；通往城堡的步道和入内参观有各自条件，不要把海滩开放等同于城堡随时可进。
景点官网：https://www.spain.info/en/destination/cadiz/
位置来源：https://en.wikipedia.org/wiki/La_Caleta%2C_Spain
位置为旅行规划参考，不代表售票口或唯一入口。","https://www.spain.info/en/destination/cadiz/"
"加的斯 · 03 塔维拉塔","加的斯","36.532017","-6.2983833","经典景点","塔维拉塔是加的斯历史商贸时期的瞭望塔，体现了海运城市借高处观察船只与港口的传统。除了登高看密集屋顶，馆内暗箱装置会利用光学原理把外部实时景象投到室内，让人用另一种方式观察整座城市。
建议预留：45–60 分钟
看点：屋顶平台的城市全景，以及带讲解的暗箱影像演示。
参观提示：暗箱演示通常按场次组织，建议提前查看并预约合适时段；这里需要爬楼，城市高处视野也会受天气影响。
景点官网：https://torretavira.com/en/reservas
位置来源：https://es.wikipedia.org/wiki/Torre_Tavira
位置为旅行规划参考，不代表售票口或唯一入口。","https://torretavira.com/en/reservas"
"帕尔马 · 01 帕尔马大教堂","帕尔马","39.56737778","2.64813611","经典景点","帕尔马大教堂 La Seu 位于老城临海一侧，巨大的哥特式体量与玫瑰窗是其最鲜明的特征。内部既有历史结构，也有高迪参与调整的空间与巴塞罗创作的现代艺术，让这里成为传统宗教建筑持续演变的例子。
建议预留：1–1.5 小时
看点：彩色玫瑰窗、内部高耸柱列，以及现代艺术与历史空间的并置；海滨公园可看完整外观。
参观提示：可与阿尔穆戴纳王宫和海滨公园一起安排；屋顶等专项项目不一定包含在普通参观中，出发前按兴趣核对。
景点官网：https://www.visitpalma.com/es/descubrir/que-ver-y-que-hacer/palma-en-1-dia
位置来源：https://en.wikipedia.org/wiki/Palma_Cathedral
位置为旅行规划参考，不代表售票口或唯一入口。","https://www.visitpalma.com/es/descubrir/que-ver-y-que-hacer/palma-en-1-dia"
"帕尔马 · 02 贝尔韦尔城堡","帕尔马","39.56375","2.619338","经典景点","贝尔韦尔城堡建在帕尔马近郊的林木山丘上，圆形平面与环绕庭院的柱廊让它在众多城堡中很容易辨认。它既适合看建筑结构，也适合从高处回望城市、港湾与海岸，体验老城以外更开阔的一面。
建议预留：1–1.5 小时，另加往返交通
看点：圆形庭院、环状防御布局，以及面向帕尔马湾的高处视野。
参观提示：它不在大教堂旁的老城核心，需单独安排上山交通；若步行经过林地，给坡道和返程预留时间。
景点官网：https://www.spain.info/es/lugares-interes/castillo-bellver/
位置来源：https://en.wikipedia.org/wiki/Bellver_Castle
位置为旅行规划参考，不代表售票口或唯一入口。","https://www.spain.info/es/lugares-interes/castillo-bellver/"
"帕尔马 · 03 阿尔穆戴纳王宫","帕尔马","39.5675","2.64722","经典景点","阿尔穆戴纳王宫位于大教堂旁，源自旧有的伊斯兰堡垒，并在后来成为王室使用的宫殿。庭院、厅室、挂毯与临海位置共同体现其防御和礼仪功能，也提供了理解马略卡岛不同历史阶段的另一条线索。
建议预留：1–1.5 小时
看点：宫殿庭院、仪式厅与装饰陈设，以及与大教堂、海滨花园相连的外部景观。
参观提示：适合与大教堂连续参观，中间可到花园休息；王室活动可能改变开放安排，行前核对当日参观信息。
景点官网：https://www.visitpalma.com/es/descubrir/que-ver-y-que-hacer/palma-en-1-dia
位置来源：https://en.wikipedia.org/wiki/Royal_Palace_of_La_Almudaina
位置为旅行规划参考，不代表售票口或唯一入口。","https://www.visitpalma.com/es/descubrir/que-ver-y-que-hacer/palma-en-1-dia"
"圣克鲁斯 · 01 特内里费音乐厅","圣克鲁斯","28.456075","-16.251281","经典景点","特内里费音乐厅由圣地亚哥·卡拉特拉瓦设计，巨大的白色曲面伸向海边，是圣克鲁斯最具辨识度的现代建筑。近看可观察碎瓷铺面与曲线结构，退到广场边则能把整个轮廓与大西洋放进同一画面。
建议预留：外观约 30–45 分钟；导览或演出另计
看点：挑起的弧形屋顶、白色马赛克表面，以及从滨海广场看到的整体剪影。
参观提示：内部参观与演出按各自场次安排，提前看官网；外部若有维修或围挡，以现场可通行范围为准，照片呈现的是建筑正常外观。
景点官网：https://www.auditoriodetenerife.com/en/auditorium/
位置来源：https://en.wikipedia.org/wiki/Auditorio_de_Tenerife
位置为旅行规划参考，不代表售票口或唯一入口。","https://www.auditoriodetenerife.com/en/auditorium/"
"圣克鲁斯 · 02 特雷西塔海滩","圣克鲁斯","28.50861111","-16.18583333","经典景点","特雷西塔海滩位于圣克鲁斯东北方向、靠近圣安德烈斯村，以浅色沙滩、棕榈树和背后山地构成鲜明景观。它与市区港口一带气氛不同，适合留半天把海边散步、休息和村中用餐组合起来。
建议预留：半天，含往返与用餐
看点：金色沙滩与山地的对比、沿海棕榈树，以及圣安德烈斯村周边的海岸气氛。
参观提示：这里需要从市中心另行前往，先安排好公交或驾车往返；下水与否仍按当天旗帜和海况决定，不以照片中的平静水面作判断。
景点官网：https://www.webtenerife.co.uk/what-see/beaches/las-teresitas/
位置来源：https://en.wikipedia.org/wiki/Playa_de_Las_Teresitas
位置为旅行规划参考，不代表售票口或唯一入口。","https://www.webtenerife.co.uk/what-see/beaches/las-teresitas/"
"圣克鲁斯 · 03 泰德国家公园（岛内远郊）","圣克鲁斯","28.263","-16.616","经典景点","泰德国家公园位于特内里费岛内陆高处，以火山锥、熔岩地貌、岩石与高山环境构成近似另一颗星球的景观。它不是圣克鲁斯市区的步行景点，应作为单独的一日郊游；仅在公路观景点和低难度步道停留，也能认识这里的火山地形。
建议预留：建议一整天，含岛内往返；登顶另行规划
看点：泰德火山轮廓、拉斯卡尼亚达斯地形与加西亚岩群；缆车和登顶属于额外行程。
参观提示：高海拔处温差和风力明显，出发前核对天气与道路情况。缆车票不等于登顶许可，山顶和部分步道需按具体线路查询预约要求。
景点官网：https://www.webtenerife.co.uk/what-see/teide-national-park/ascension-a-la-cumbre/
位置来源：https://en.wikipedia.org/wiki/Teide_National_Park
位置为旅行规划参考，不代表售票口或唯一入口。","https://www.webtenerife.co.uk/what-see/teide-national-park/ascension-a-la-cumbre/"
"梅里达 · 01 梅里达罗马剧场","梅里达","38.91538889","-6.3385","经典景点","罗马剧场是梅里达最值得优先安排的遗址。半圆形看台利用地形层层展开，舞台背景的柱廊让古代公共演出空间变得直观；从高处看整体，再走近舞台看建筑细节，能体会它与旁边竞技场的不同用途。
建议预留：约 1–1.5 小时；与竞技场合计建议 2–2.5 小时
看点：半圆看台、舞台柱廊、入口与舞台的空间关系；可与相邻竞技场连走。
参观提示：抵达梅里达当天下午优先安排这里。建议配讲解；遗址地面不平，穿好走的鞋，出发前核对开放与联票内容。
景点官网：https://www.spain.info/en/places-of-interest/roman-theatre-merida/
位置来源：https://en.wikipedia.org/wiki/Roman_Theatre_%28M%C3%A9rida%29
位置为旅行规划参考，不代表售票口或唯一入口。","https://www.spain.info/en/places-of-interest/roman-theatre-merida/"
"梅里达 · 02 梅里达圆形竞技场","梅里达","38.91619444","-6.33772222","经典景点","竞技场紧邻罗马剧场，过去用于角斗等公共竞技。椭圆形场地、环绕的看台和地下空间遗迹，提供了理解罗马城市娱乐生活的另一种角度。把它与剧场放在同一次参观，可以对比演出与竞技建筑如何组织观众和活动。
建议预留：45–60 分钟；已计入剧场＋竞技场合计时长
看点：椭圆竞技区、中央十字形坑道遗迹与观众席；重点理解建筑用途和空间布局。
参观提示：与剧场连续参观，避免按两个完全独立的大景点重复预留时间。参观路线及可进入区域以现场为准。
景点官网：https://www.spain.info/en/places-of-interest/roman-amphitheatre-merida/
位置来源：https://en.wikipedia.org/wiki/Amphitheatre_of_M%C3%A9rida
位置为旅行规划参考，不代表售票口或唯一入口。","https://www.spain.info/en/places-of-interest/roman-amphitheatre-merida/"
"梅里达 · 03 戴安娜神庙","梅里达","38.91694444","-6.34313889","经典景点","这座罗马时期的神庙立在今天的城市街巷之间，高台、柱列与周边民居形成鲜明对照。它很适合作为从遗址区走向老城的中途一站，不必赶着拍完就走，可以绕到不同角度观察建筑与后世城市相互叠加的痕迹。
建议预留：约 30–45 分钟
看点：柱列与高台的比例、正立面，以及神庙融入街区的整体景观。
参观提示：可安排在剧场参观后的傍晚散步中；外观与需购票进入的区域分开看，核对当天开放，不默认全区域免费。
景点官网：https://www.spain.info/en/places-of-interest/roman-temple-diana/
位置来源：https://en.wikipedia.org/wiki/Roman_Forum_%28M%C3%A9rida%29
位置为旅行规划参考，不代表售票口或唯一入口。","https://www.spain.info/en/places-of-interest/roman-temple-diana/"
"梅里达 · 04 瓜迪亚纳河罗马桥","梅里达","38.91306","-6.35083","经典景点","古罗马桥横跨瓜迪亚纳河，将城市遗迹与河岸景观连接起来。看过剧场和神庙后，到这里慢走可以换一个节奏：既能从桥上看河面，也能从河岸欣赏连续的桥拱和梅里达老城。
建议预留：约 30–60 分钟
看点：连续石拱、桥上步行视角与河岸全景；适合与老城散步组合。
参观提示：可放在离开梅里达的早晨；不必为走完整座桥影响后续转场，按体力和天气选择折返点。
景点官网：https://www.spain.info/en/places-of-interest/roman-bridge-rio-guadiana/
位置来源：https://en.wikipedia.org/wiki/Puente_Romano%2C_M%C3%A9rida
位置为旅行规划参考，不代表售票口或唯一入口。","https://www.spain.info/en/places-of-interest/roman-bridge-rio-guadiana/"
"梅里达 · 05 国家罗马艺术博物馆","梅里达","38.91730611","-6.33986111","地方特色","梅里达不应只看户外遗址。这座馆把雕塑、马赛克、铭文和生活物件聚在一起，能补上剧场与神庙已经散失的细节，帮助理解罗马时期卢西塔尼亚首府的生活。喜欢考古或古代艺术，可以把它列为与剧场同等重要的一站。
建议预留：1.5–2 小时
看点：人物雕塑、马赛克和铭文，联系前后参观的剧场、竞技场来理解原来的城市。
参观提示：馆方曾进行扩建，出发前核对开放展厅和当日安排；遗址门票与博物馆票务分别确认。
顺路：抵达日下午看馆，次日上午剧场与竞技场；若前一天驾车后太晚，梅里达可加一晚。
景点官网：https://www.cultura.gob.es/en/cultura/areas/museos/mc/museos-estatales/prepara-tu-visita/mnar.html
位置来源：https://en.wikipedia.org/wiki/National_Museum_of_Roman_Art
位置为旅行规划参考，不代表售票口或唯一入口。","https://www.cultura.gob.es/en/cultura/areas/museos/mc/museos-estatales/prepara-tu-visita/mnar.html"