起点,终点,道路公里,道路分钟,说明,更新日期
圣克鲁斯市区,北机场 TFN,12.3,12.9,无实时路况；不含候车、缆车、游览和停车,2026-09-20
圣克鲁斯市区,南机场 TFS,66.0,58.7,无实时路况；不含候车、缆车、游览和停车,2026-09-20
圣克鲁斯市区,科斯塔阿德赫／Puerto Colón,77.5,54.0,无实时路况；不含候车、缆车、游览和停车,2026-09-20
圣克鲁斯市区,洛斯克里斯蒂亚诺斯港,77.0,56.0,无实时路况；不含候车、缆车、游览和停车,2026-09-20
圣克鲁斯市区,拉古纳古城,9.9,8.9,无实时路况；不含候车、缆车、游览和停车,2026-09-20
圣克鲁斯市区,拉奥罗塔瓦,35.8,27.1,无实时路况；不含候车、缆车、游览和停车,2026-09-20
圣克鲁斯市区,克鲁斯港,36.4,26.3,无实时路况；不含候车、缆车、游览和停车,2026-09-20
圣克鲁斯市区,加拉奇科,61.1,52.9,无实时路况；不含候车、缆车、游览和停车,2026-09-20
圣克鲁斯市区,伊科德龙血树公园,57.0,47.6,无实时路况；不含候车、缆车、游览和停车,2026-09-20
圣克鲁斯市区,马斯卡接驳点 · 圣地亚哥-德尔泰德,73.7,64.6,无实时路况；不含候车、缆车、游览和停车,2026-09-20
圣克鲁斯市区,洛斯吉甘特斯港／巨人悬崖,102.5,75.0,无实时路况；不含候车、缆车、游览和停车,2026-09-20
圣克鲁斯市区,泰德缆车下站,63.3,63.1,无实时路况；不含候车、缆车、游览和停车,2026-09-20
圣克鲁斯市区,阿纳加 · Cruz del Carmen,20.0,21.1,无实时路况；不含候车、缆车、游览和停车,2026-09-20
圣克鲁斯市区,特雷西塔海滩,9.5,14.8,无实时路况；不含候车、缆车、游览和停车,2026-09-20
圣克鲁斯市区,埃尔梅达诺海滩,61.7,43.9,无实时路况；不含候车、缆车、游览和停车,2026-09-20
北机场 TFN,圣克鲁斯市区,12.3,13.6,无实时路况；不含候车、缆车、游览和停车,2026-09-20
北机场 TFN,南机场 TFS,71.8,64.5,无实时路况；不含候车、缆车、游览和停车,2026-09-20
北机场 TFN,科斯塔阿德赫／Puerto Colón,83.4,59.7,无实时路况；不含候车、缆车、游览和停车,2026-09-20
北机场 TFN,洛斯克里斯蒂亚诺斯港,82.8,61.8,无实时路况；不含候车、缆车、游览和停车,2026-09-20
北机场 TFN,拉古纳古城,3.4,5.5,无实时路况；不含候车、缆车、游览和停车,2026-09-20
北机场 TFN,拉奥罗塔瓦,29.3,24.7,无实时路况；不含候车、缆车、游览和停车,2026-09-20
北机场 TFN,克鲁斯港,29.9,23.9,无实时路况；不含候车、缆车、游览和停车,2026-09-20
北机场 TFN,加拉奇科,54.6,50.5,无实时路况；不含候车、缆车、游览和停车,2026-09-20
北机场 TFN,伊科德龙血树公园,50.5,45.2,无实时路况；不含候车、缆车、游览和停车,2026-09-20
北机场 TFN,马斯卡接驳点 · 圣地亚哥-德尔泰德,67.2,62.2,无实时路况；不含候车、缆车、游览和停车,2026-09-20
北机场 TFN,洛斯吉甘特斯港／巨人悬崖,81.5,78.8,无实时路况；不含候车、缆车、游览和停车,2026-09-20
北机场 TFN,泰德缆车下站,53.9,57.1,无实时路况；不含候车、缆车、游览和停车,2026-09-20
北机场 TFN,阿纳加 · Cruz del Carmen,13.9,19.2,无实时路况；不含候车、缆车、游览和停车,2026-09-20
北机场 TFN,特雷西塔海滩,21.0,26.3,无实时路况；不含候车、缆车、游览和停车,2026-09-20
北机场 TFN,埃尔梅达诺海滩,67.5,49.6,无实时路况；不含候车、缆车、游览和停车,2026-09-20
南机场 TFS,圣克鲁斯市区,65.7,59.5,无实时路况；不含候车、缆车、游览和停车,2026-09-20
南机场 TFS,北机场 TFN,72.7,65.5,无实时路况；不含候车、缆车、游览和停车,2026-09-20
南机场 TFS,科斯塔阿德赫／Puerto Colón,20.0,29.4,无实时路况；不含候车、缆车、游览和停车,2026-09-20
南机场 TFS,洛斯克里斯蒂亚诺斯港,19.4,31.5,无实时路况；不含候车、缆车、游览和停车,2026-09-20
南机场 TFS,拉古纳古城,70.3,61.4,无实时路况；不含候车、缆车、游览和停车,2026-09-20
南机场 TFS,拉奥罗塔瓦,96.2,79.6,无实时路况；不含候车、缆车、游览和停车,2026-09-20
南机场 TFS,克鲁斯港,96.8,78.8,无实时路况；不含候车、缆车、游览和停车,2026-09-20
南机场 TFS,加拉奇科,68.5,72.8,无实时路况；不含候车、缆车、游览和停车,2026-09-20
南机场 TFS,伊科德龙血树公园,67.0,68.6,无实时路况；不含候车、缆车、游览和停车,2026-09-20
南机场 TFS,马斯卡接驳点 · 圣地亚哥-德尔泰德,46.7,46.8,无实时路况；不含候车、缆车、游览和停车,2026-09-20
南机场 TFS,洛斯吉甘特斯港／巨人悬崖,44.9,50.5,无实时路况；不含候车、缆车、游览和停车,2026-09-20
南机场 TFS,泰德缆车下站,52.1,64.0,无实时路况；不含候车、缆车、游览和停车,2026-09-20
南机场 TFS,阿纳加 · Cruz del Carmen,80.4,73.6,无实时路况；不含候车、缆车、游览和停车,2026-09-20
南机场 TFS,特雷西塔海滩,74.6,72.1,无实时路况；不含候车、缆车、游览和停车,2026-09-20
南机场 TFS,埃尔梅达诺海滩,6.2,18.2,无实时路况；不含候车、缆车、游览和停车,2026-09-20
科斯塔阿德赫／Puerto Colón,圣克鲁斯市区,77.9,54.4,无实时路况；不含候车、缆车、游览和停车,2026-09-20
科斯塔阿德赫／Puerto Colón,北机场 TFN,84.9,60.4,无实时路况；不含候车、缆车、游览和停车,2026-09-20
科斯塔阿德赫／Puerto Colón,南机场 TFS,20.4,29.5,无实时路况；不含候车、缆车、游览和停车,2026-09-20
科斯塔阿德赫／Puerto Colón,洛斯克里斯蒂亚诺斯港,6.7,11.7,无实时路况；不含候车、缆车、游览和停车,2026-09-20
科斯塔阿德赫／Puerto Colón,拉古纳古城,82.5,56.4,无实时路况；不含候车、缆车、游览和停车,2026-09-20
科斯塔阿德赫／Puerto Colón,拉奥罗塔瓦,70.7,67.3,无实时路况；不含候车、缆车、游览和停车,2026-09-20
科斯塔阿德赫／Puerto Colón,克鲁斯港,74.5,68.9,无实时路况；不含候车、缆车、游览和停车,2026-09-20
科斯塔阿德赫／Puerto Colón,加拉奇科,50.5,50.7,无实时路况；不含候车、缆车、游览和停车,2026-09-20
科斯塔阿德赫／Puerto Colón,伊科德龙血树公园,48.9,46.5,无实时路况；不含候车、缆车、游览和停车,2026-09-20
科斯塔阿德赫／Puerto Colón,马斯卡接驳点 · 圣地亚哥-德尔泰德,28.7,24.7,无实时路况；不含候车、缆车、游览和停车,2026-09-20
科斯塔阿德赫／Puerto Colón,洛斯吉甘特斯港／巨人悬崖,26.9,28.4,无实时路况；不含候车、缆车、游览和停车,2026-09-20
科斯塔阿德赫／Puerto Colón,泰德缆车下站,51.0,53.3,无实时路况；不含候车、缆车、游览和停车,2026-09-20
科斯塔阿德赫／Puerto Colón,阿纳加 · Cruz del Carmen,92.6,68.6,无实时路况；不含候车、缆车、游览和停车,2026-09-20
科斯塔阿德赫／Puerto Colón,特雷西塔海滩,86.9,67.1,无实时路况；不含候车、缆车、游览和停车,2026-09-20
科斯塔阿德赫／Puerto Colón,埃尔梅达诺海滩,23.9,20.5,无实时路况；不含候车、缆车、游览和停车,2026-09-20
洛斯克里斯蒂亚诺斯港,圣克鲁斯市区,77.1,57.0,无实时路况；不含候车、缆车、游览和停车,2026-09-20
洛斯克里斯蒂亚诺斯港,北机场 TFN,84.1,63.0,无实时路况；不含候车、缆车、游览和停车,2026-09-20
洛斯克里斯蒂亚诺斯港,南机场 TFS,19.6,32.0,无实时路况；不含候车、缆车、游览和停车,2026-09-20
洛斯克里斯蒂亚诺斯港,科斯塔阿德赫／Puerto Colón,7.0,12.5,无实时路况；不含候车、缆车、游览和停车,2026-09-20
洛斯克里斯蒂亚诺斯港,拉古纳古城,81.7,58.9,无实时路况；不含候车、缆车、游览和停车,2026-09-20
洛斯克里斯蒂亚诺斯港,拉奥罗塔瓦,75.8,72.4,无实时路况；不含候车、缆车、游览和停车,2026-09-20
洛斯克里斯蒂亚诺斯港,克鲁斯港,79.6,74.1,无实时路况；不含候车、缆车、游览和停车,2026-09-20
洛斯克里斯蒂亚诺斯港,加拉奇科,55.6,55.9,无实时路况；不含候车、缆车、游览和停车,2026-09-20
洛斯克里斯蒂亚诺斯港,伊科德龙血树公园,54.0,51.7,无实时路况；不含候车、缆车、游览和停车,2026-09-20
洛斯克里斯蒂亚诺斯港,马斯卡接驳点 · 圣地亚哥-德尔泰德,33.8,29.8,无实时路况；不含候车、缆车、游览和停车,2026-09-20
洛斯克里斯蒂亚诺斯港,洛斯吉甘特斯港／巨人悬崖,32.0,33.6,无实时路况；不含候车、缆车、游览和停车,2026-09-20
洛斯克里斯蒂亚诺斯港,泰德缆车下站,50.0,54.8,无实时路况；不含候车、缆车、游览和停车,2026-09-20
洛斯克里斯蒂亚诺斯港,阿纳加 · Cruz del Carmen,91.8,71.1,无实时路况；不含候车、缆车、游览和停车,2026-09-20
洛斯克里斯蒂亚诺斯港,特雷西塔海滩,86.1,69.6,无实时路况；不含候车、缆车、游览和停车,2026-09-20
洛斯克里斯蒂亚诺斯港,埃尔梅达诺海滩,23.1,23.0,无实时路况；不含候车、缆车、游览和停车,2026-09-20
拉古纳古城,圣克鲁斯市区,10.2,9.5,无实时路况；不含候车、缆车、游览和停车,2026-09-20
拉古纳古城,北机场 TFN,3.3,5.3,无实时路况；不含候车、缆车、游览和停车,2026-09-20
拉古纳古城,南机场 TFS,69.7,60.4,无实时路况；不含候车、缆车、游览和停车,2026-09-20
拉古纳古城,科斯塔阿德赫／Puerto Colón,81.2,55.7,无实时路况；不含候车、缆车、游览和停车,2026-09-20
拉古纳古城,洛斯克里斯蒂亚诺斯港,80.7,57.7,无实时路况；不含候车、缆车、游览和停车,2026-09-20
拉古纳古城,拉奥罗塔瓦,26.9,20.4,无实时路况；不含候车、缆车、游览和停车,2026-09-20
拉古纳古城,克鲁斯港,27.5,19.6,无实时路况；不含候车、缆车、游览和停车,2026-09-20
拉古纳古城,加拉奇科,52.2,46.2,无实时路况；不含候车、缆车、游览和停车,2026-09-20
拉古纳古城,伊科德龙血树公园,48.1,40.9,无实时路况；不含候车、缆车、游览和停车,2026-09-20
拉古纳古城,马斯卡接驳点 · 圣地亚哥-德尔泰德,64.8,57.9,无实时路况；不含候车、缆车、游览和停车,2026-09-20
拉古纳古城,洛斯吉甘特斯港／巨人悬崖,79.1,74.5,无实时路况；不含候车、缆车、游览和停车,2026-09-20
拉古纳古城,泰德缆车下站,54.4,55.4,无实时路况；不含候车、缆车、游览和停车,2026-09-20
拉古纳古城,阿纳加 · Cruz del Carmen,11.2,14.8,无实时路况；不含候车、缆车、游览和停车,2026-09-20
拉古纳古城,特雷西塔海滩,18.8,22.3,无实时路况；不含候车、缆车、游览和停车,2026-09-20
拉古纳古城,埃尔梅达诺海滩,65.4,45.6,无实时路况；不含候车、缆车、游览和停车,2026-09-20
拉奥罗塔瓦,圣克鲁斯市区,35.9,29.1,无实时路况；不含候车、缆车、游览和停车,2026-09-20
拉奥罗塔瓦,北机场 TFN,29.1,25.2,无实时路况；不含候车、缆车、游览和停车,2026-09-20
拉奥罗塔瓦,南机场 TFS,95.4,80.0,无实时路况；不含候车、缆车、游览和停车,2026-09-20
拉奥罗塔瓦,科斯塔阿德赫／Puerto Colón,68.3,69.6,无实时路况；不含候车、缆车、游览和停车,2026-09-20
拉奥罗塔瓦,洛斯克里斯蒂亚诺斯港,72.8,74.8,无实时路况；不含候车、缆车、游览和停车,2026-09-20
拉奥罗塔瓦,拉古纳古城,27.0,21.4,无实时路况；不含候车、缆车、游览和停车,2026-09-20
拉奥罗塔瓦,克鲁斯港,6.2,7.9,无实时路况；不含候车、缆车、游览和停车,2026-09-20
拉奥罗塔瓦,加拉奇科,27.7,32.4,无实时路况；不含候车、缆车、游览和停车,2026-09-20
拉奥罗塔瓦,伊科德龙血树公园,23.6,27.2,无实时路况；不含候车、缆车、游览和停车,2026-09-20
拉奥罗塔瓦,马斯卡接驳点 · 圣地亚哥-德尔泰德,40.3,44.1,无实时路况；不含候车、缆车、游览和停车,2026-09-20
拉奥罗塔瓦,洛斯吉甘特斯港／巨人悬崖,54.6,60.7,无实时路况；不含候车、缆车、游览和停车,2026-09-20
拉奥罗塔瓦,泰德缆车下站,36.2,43.2,无实时路况；不含候车、缆车、游览和停车,2026-09-20
拉奥罗塔瓦,阿纳加 · Cruz del Carmen,35.0,33.6,无实时路况；不含候车、缆车、游览和停车,2026-09-20
拉奥罗塔瓦,特雷西塔海滩,44.5,41.8,无实时路况；不含候车、缆车、游览和停车,2026-09-20
拉奥罗塔瓦,埃尔梅达诺海滩,91.1,65.1,无实时路况；不含候车、缆车、游览和停车,2026-09-20
克鲁斯港,圣克鲁斯市区,36.8,28.4,无实时路况；不含候车、缆车、游览和停车,2026-09-20
克鲁斯港,北机场 TFN,30.0,24.5,无实时路况；不含候车、缆车、游览和停车,2026-09-20
克鲁斯港,南机场 TFS,96.3,79.3,无实时路况；不含候车、缆车、游览和停车,2026-09-20
克鲁斯港,科斯塔阿德赫／Puerto Colón,72.0,70.7,无实时路况；不含候车、缆车、游览和停车,2026-09-20
克鲁斯港,洛斯克里斯蒂亚诺斯港,76.4,75.8,无实时路况；不含候车、缆车、游览和停车,2026-09-20
克鲁斯港,拉古纳古城,27.9,20.8,无实时路况；不含候车、缆车、游览和停车,2026-09-20
克鲁斯港,拉奥罗塔瓦,5.9,7.3,无实时路况；不含候车、缆车、游览和停车,2026-09-20
克鲁斯港,加拉奇科,31.3,33.5,无实时路况；不含候车、缆车、游览和停车,2026-09-20
克鲁斯港,伊科德龙血树公园,27.2,28.2,无实时路况；不含候车、缆车、游览和停车,2026-09-20
克鲁斯港,马斯卡接驳点 · 圣地亚哥-德尔泰德,43.9,45.2,无实时路况；不含候车、缆车、游览和停车,2026-09-20
克鲁斯港,洛斯吉甘特斯港／巨人悬崖,58.3,61.8,无实时路况；不含候车、缆车、游览和停车,2026-09-20
克鲁斯港,泰德缆车下站,39.2,46.6,无实时路况；不含候车、缆车、游览和停车,2026-09-20
克鲁斯港,阿纳加 · Cruz del Carmen,35.9,32.9,无实时路况；不含候车、缆车、游览和停车,2026-09-20
克鲁斯港,特雷西塔海滩,45.4,41.1,无实时路况；不含候车、缆车、游览和停车,2026-09-20
克鲁斯港,埃尔梅达诺海滩,92.0,64.4,无实时路况；不含候车、缆车、游览和停车,2026-09-20
加拉奇科,圣克鲁斯市区,61.7,55.0,无实时路况；不含候车、缆车、游览和停车,2026-09-20
加拉奇科,北机场 TFN,54.9,51.1,无实时路况；不含候车、缆车、游览和停车,2026-09-20
加拉奇科,南机场 TFS,71.7,77.5,无实时路况；不含候车、缆车、游览和停车,2026-09-20
加拉奇科,科斯塔阿德赫／Puerto Colón,53.5,54.5,无实时路况；不含候车、缆车、游览和停车,2026-09-20
加拉奇科,洛斯克里斯蒂亚诺斯港,58.0,59.7,无实时路况；不含候车、缆车、游览和停车,2026-09-20
加拉奇科,拉古纳古城,52.8,47.4,无实时路况；不含候车、缆车、游览和停车,2026-09-20
加拉奇科,拉奥罗塔瓦,28.2,32.2,无实时路况；不含候车、缆车、游览和停车,2026-09-20
加拉奇科,克鲁斯港,31.9,33.8,无实时路况；不含候车、缆车、游览和停车,2026-09-20
加拉奇科,伊科德龙血树公园,5.9,9.2,无实时路况；不含候车、缆车、游览和停车,2026-09-20
加拉奇科,马斯卡接驳点 · 圣地亚哥-德尔泰德,25.5,29.1,无实时路况；不含候车、缆车、游览和停车,2026-09-20
加拉奇科,洛斯吉甘特斯港／巨人悬崖,39.8,45.6,无实时路况；不含候车、缆车、游览和停车,2026-09-20
加拉奇科,泰德缆车下站,64.0,72.3,无实时路况；不含候车、缆车、游览和停车,2026-09-20
加拉奇科,阿纳加 · Cruz del Carmen,60.8,59.5,无实时路况；不含候车、缆车、游览和停车,2026-09-20
加拉奇科,特雷西塔海滩,70.3,67.7,无实时路况；不含候车、缆车、游览和停车,2026-09-20
加拉奇科,埃尔梅达诺海滩,75.2,68.5,无实时路况；不含候车、缆车、游览和停车,2026-09-20
伊科德龙血树公园,圣克鲁斯市区,57.4,49.3,无实时路况；不含候车、缆车、游览和停车,2026-09-20
伊科德龙血树公园,北机场 TFN,50.6,45.5,无实时路况；不含候车、缆车、游览和停车,2026-09-20
伊科德龙血树公园,南机场 TFS,65.0,70.1,无实时路况；不含候车、缆车、游览和停车,2026-09-20
伊科德龙血树公园,科斯塔阿德赫／Puerto Colón,46.8,47.1,无实时路况；不含候车、缆车、游览和停车,2026-09-20
伊科德龙血树公园,洛斯克里斯蒂亚诺斯港,51.3,52.3,无实时路况；不含候车、缆车、游览和停车,2026-09-20
伊科德龙血树公园,拉古纳古城,48.5,41.7,无实时路况；不含候车、缆车、游览和停车,2026-09-20
伊科德龙血树公园,拉奥罗塔瓦,23.9,26.6,无实时路况；不含候车、缆车、游览和停车,2026-09-20
伊科德龙血树公园,克鲁斯港,27.7,28.2,无实时路况；不含候车、缆车、游览和停车,2026-09-20
伊科德龙血树公园,加拉奇科,6.1,9.5,无实时路况；不含候车、缆车、游览和停车,2026-09-20
伊科德龙血树公园,马斯卡接驳点 · 圣地亚哥-德尔泰德,18.8,21.7,无实时路况；不含候车、缆车、游览和停车,2026-09-20
伊科德龙血树公园,洛斯吉甘特斯港／巨人悬崖,33.1,38.3,无实时路况；不含候车、缆车、游览和停车,2026-09-20
伊科德龙血树公园,泰德缆车下站,59.7,66.7,无实时路况；不含候车、缆车、游览和停车,2026-09-20
伊科德龙血树公园,阿纳加 · Cruz del Carmen,56.5,53.9,无实时路况；不含候车、缆车、游览和停车,2026-09-20
伊科德龙血树公园,特雷西塔海滩,66.0,62.1,无实时路况；不含候车、缆车、游览和停车,2026-09-20
伊科德龙血树公园,埃尔梅达诺海滩,68.5,61.1,无实时路况；不含候车、缆车、游览和停车,2026-09-20
马斯卡接驳点 · 圣地亚哥-德尔泰德,圣克鲁斯市区,75.8,66.2,无实时路况；不含候车、缆车、游览和停车,2026-09-20
马斯卡接驳点 · 圣地亚哥-德尔泰德,北机场 TFN,69.0,62.4,无实时路况；不含候车、缆车、游览和停车,2026-09-20
马斯卡接驳点 · 圣地亚哥-德尔泰德,南机场 TFS,46.8,49.9,无实时路况；不含候车、缆车、游览和停车,2026-09-20
马斯卡接驳点 · 圣地亚哥-德尔泰德,科斯塔阿德赫／Puerto Colón,28.6,26.9,无实时路况；不含候车、缆车、游览和停车,2026-09-20
马斯卡接驳点 · 圣地亚哥-德尔泰德,洛斯克里斯蒂亚诺斯港,33.0,32.0,无实时路况；不含候车、缆车、游览和停车,2026-09-20
马斯卡接驳点 · 圣地亚哥-德尔泰德,拉古纳古城,66.9,58.6,无实时路况；不含候车、缆车、游览和停车,2026-09-20
马斯卡接驳点 · 圣地亚哥-德尔泰德,拉奥罗塔瓦,42.3,43.4,无实时路况；不含候车、缆车、游览和停车,2026-09-20
马斯卡接驳点 · 圣地亚哥-德尔泰德,克鲁斯港,46.0,45.0,无实时路况；不含候车、缆车、游览和停车,2026-09-20
马斯卡接驳点 · 圣地亚哥-德尔泰德,加拉奇科,22.1,26.9,无实时路况；不含候车、缆车、游览和停车,2026-09-20
马斯卡接驳点 · 圣地亚哥-德尔泰德,伊科德龙血树公园,20.5,22.7,无实时路况；不含候车、缆车、游览和停车,2026-09-20
马斯卡接驳点 · 圣地亚哥-德尔泰德,洛斯吉甘特斯港／巨人悬崖,14.9,18.0,无实时路况；不含候车、缆车、游览和停车,2026-09-20
马斯卡接驳点 · 圣地亚哥-德尔泰德,泰德缆车下站,45.6,49.0,无实时路况；不含候车、缆车、游览和停车,2026-09-20
马斯卡接驳点 · 圣地亚哥-德尔泰德,阿纳加 · Cruz del Carmen,74.9,70.7,无实时路况；不含候车、缆车、游览和停车,2026-09-20
马斯卡接驳点 · 圣地亚哥-德尔泰德,特雷西塔海滩,84.4,78.9,无实时路况；不含候车、缆车、游览和停车,2026-09-20
马斯卡接驳点 · 圣地亚哥-德尔泰德,埃尔梅达诺海滩,50.3,40.9,无实时路况；不含候车、缆车、游览和停车,2026-09-20
洛斯吉甘特斯港／巨人悬崖,圣克鲁斯市区,101.3,74.4,无实时路况；不含候车、缆车、游览和停车,2026-09-20
洛斯吉甘特斯港／巨人悬崖,北机场 TFN,83.1,78.2,无实时路况；不含候车、缆车、游览和停车,2026-09-20
洛斯吉甘特斯港／巨人悬崖,南机场 TFS,43.8,49.5,无实时路况；不含候车、缆车、游览和停车,2026-09-20
洛斯吉甘特斯港／巨人悬崖,科斯塔阿德赫／Puerto Colón,25.6,26.5,无实时路况；不含候车、缆车、游览和停车,2026-09-20
洛斯吉甘特斯港／巨人悬崖,洛斯克里斯蒂亚诺斯港,30.1,31.7,无实时路况；不含候车、缆车、游览和停车,2026-09-20
洛斯吉甘特斯港／巨人悬崖,拉古纳古城,81.0,74.4,无实时路况；不含候车、缆车、游览和停车,2026-09-20
洛斯吉甘特斯港／巨人悬崖,拉奥罗塔瓦,56.4,59.2,无实时路况；不含候车、缆车、游览和停车,2026-09-20
洛斯吉甘特斯港／巨人悬崖,克鲁斯港,60.2,60.9,无实时路况；不含候车、缆车、游览和停车,2026-09-20
洛斯吉甘特斯港／巨人悬崖,加拉奇科,36.2,42.7,无实时路况；不含候车、缆车、游览和停车,2026-09-20
洛斯吉甘特斯港／巨人悬崖,伊科德龙血树公园,34.6,38.5,无实时路况；不含候车、缆车、游览和停车,2026-09-20
洛斯吉甘特斯港／巨人悬崖,马斯卡接驳点 · 圣地亚哥-德尔泰德,14.4,16.7,无实时路况；不含候车、缆车、游览和停车,2026-09-20
洛斯吉甘特斯港／巨人悬崖,泰德缆车下站,49.6,54.7,无实时路况；不含候车、缆车、游览和停车,2026-09-20
洛斯吉甘特斯港／巨人悬崖,阿纳加 · Cruz del Carmen,89.0,86.5,无实时路况；不含候车、缆车、游览和停车,2026-09-20
洛斯吉甘特斯港／巨人悬崖,特雷西塔海滩,110.3,87.1,无实时路况；不含候车、缆车、游览和停车,2026-09-20
洛斯吉甘特斯港／巨人悬崖,埃尔梅达诺海滩,47.3,40.5,无实时路况；不含候车、缆车、游览和停车,2026-09-20
泰德缆车下站,圣克鲁斯市区,63.4,63.8,无实时路况；不含候车、缆车、游览和停车,2026-09-20
泰德缆车下站,北机场 TFN,53.9,57.1,无实时路况；不含候车、缆车、游览和停车,2026-09-20
泰德缆车下站,南机场 TFS,52.3,63.9,无实时路况；不含候车、缆车、游览和停车,2026-09-20
泰德缆车下站,科斯塔阿德赫／Puerto Colón,50.0,53.0,无实时路况；不含候车、缆车、游览和停车,2026-09-20
泰德缆车下站,洛斯克里斯蒂亚诺斯港,49.3,54.5,无实时路况；不含候车、缆车、游览和停车,2026-09-20
泰德缆车下站,拉古纳古城,54.5,55.7,无实时路况；不含候车、缆车、游览和停车,2026-09-20
泰德缆车下站,拉奥罗塔瓦,35.2,42.9,无实时路况；不含候车、缆车、游览和停车,2026-09-20
泰德缆车下站,克鲁斯港,39.0,46.7,无实时路况；不含候车、缆车、游览和停车,2026-09-20
泰德缆车下站,加拉奇科,63.1,72.3,无实时路况；不含候车、缆车、游览和停车,2026-09-20
泰德缆车下站,伊科德龙血树公园,59.0,67.1,无实时路况；不含候车、缆车、游览和停车,2026-09-20
泰德缆车下站,马斯卡接驳点 · 圣地亚哥-德尔泰德,45.3,48.1,无实时路况；不含候车、缆车、游览和停车,2026-09-20
泰德缆车下站,洛斯吉甘特斯港／巨人悬崖,50.2,56.1,无实时路况；不含候车、缆车、游览和停车,2026-09-20
泰德缆车下站,阿纳加 · Cruz del Carmen,65.0,69.4,无实时路况；不含候车、缆车、游览和停车,2026-09-20
泰德缆车下站,特雷西塔海滩,72.1,76.5,无实时路况；不含候车、缆车、游览和停车,2026-09-20
泰德缆车下站,埃尔梅达诺海滩,50.0,53.0,无实时路况；不含候车、缆车、游览和停车,2026-09-20
阿纳加 · Cruz del Carmen,圣克鲁斯市区,20.4,22.5,无实时路况；不含候车、缆车、游览和停车,2026-09-20
阿纳加 · Cruz del Carmen,北机场 TFN,13.7,18.3,无实时路况；不含候车、缆车、游览和停车,2026-09-20
阿纳加 · Cruz del Carmen,南机场 TFS,79.9,73.4,无实时路况；不含候车、缆车、游览和停车,2026-09-20
阿纳加 · Cruz del Carmen,科斯塔阿德赫／Puerto Colón,91.4,68.6,无实时路况；不含候车、缆车、游览和停车,2026-09-20
阿纳加 · Cruz del Carmen,洛斯克里斯蒂亚诺斯港,90.9,70.7,无实时路况；不含候车、缆车、游览和停车,2026-09-20
阿纳加 · Cruz del Carmen,拉古纳古城,10.4,13.0,无实时路况；不含候车、缆车、游览和停车,2026-09-20
阿纳加 · Cruz del Carmen,拉奥罗塔瓦,35.0,33.4,无实时路况；不含候车、缆车、游览和停车,2026-09-20
阿纳加 · Cruz del Carmen,克鲁斯港,35.5,32.6,无实时路况；不含候车、缆车、游览和停车,2026-09-20
阿纳加 · Cruz del Carmen,加拉奇科,60.3,59.2,无实时路况；不含候车、缆车、游览和停车,2026-09-20
阿纳加 · Cruz del Carmen,伊科德龙血树公园,56.1,53.9,无实时路况；不含候车、缆车、游览和停车,2026-09-20
阿纳加 · Cruz del Carmen,马斯卡接驳点 · 圣地亚哥-德尔泰德,72.8,70.9,无实时路况；不含候车、缆车、游览和停车,2026-09-20
阿纳加 · Cruz del Carmen,洛斯吉甘特斯港／巨人悬崖,87.2,87.5,无实时路况；不含候车、缆车、游览和停车,2026-09-20
阿纳加 · Cruz del Carmen,泰德缆车下站,64.8,68.5,无实时路况；不含候车、缆车、游览和停车,2026-09-20
阿纳加 · Cruz del Carmen,特雷西塔海滩,29.0,35.3,无实时路况；不含候车、缆车、游览和停车,2026-09-20
阿纳加 · Cruz del Carmen,埃尔梅达诺海滩,75.6,58.6,无实时路况；不含候车、缆车、游览和停车,2026-09-20
特雷西塔海滩,圣克鲁斯市区,10.6,18.5,无实时路况；不含候车、缆车、游览和停车,2026-09-20
特雷西塔海滩,北机场 TFN,22.4,29.8,无实时路况；不含候车、缆车、游览和停车,2026-09-20
特雷西塔海滩,南机场 TFS,76.2,75.6,无实时路况；不含候车、缆车、游览和停车,2026-09-20
特雷西塔海滩,科斯塔阿德赫／Puerto Colón,87.7,70.9,无实时路况；不含候车、缆车、游览和停车,2026-09-20
特雷西塔海滩,洛斯克里斯蒂亚诺斯港,87.1,72.9,无实时路况；不含候车、缆车、游览和停车,2026-09-20
特雷西塔海滩,拉古纳古城,20.0,25.8,无实时路况；不含候车、缆车、游览和停车,2026-09-20
特雷西塔海滩,拉奥罗塔瓦,45.9,44.0,无实时路况；不含候车、缆车、游览和停车,2026-09-20
特雷西塔海滩,克鲁斯港,46.5,43.2,无实时路况；不含候车、缆车、游览和停车,2026-09-20
特雷西塔海滩,加拉奇科,71.3,69.8,无实时路况；不含候车、缆车、游览和停车,2026-09-20
特雷西塔海滩,伊科德龙血树公园,67.1,64.5,无实时路况；不含候车、缆车、游览和停车,2026-09-20
特雷西塔海滩,马斯卡接驳点 · 圣地亚哥-德尔泰德,83.8,81.5,无实时路况；不含候车、缆车、游览和停车,2026-09-20
特雷西塔海滩,洛斯吉甘特斯港／巨人悬崖,112.7,92.0,无实时路况；不含候车、缆车、游览和停车,2026-09-20
特雷西塔海滩,泰德缆车下站,73.5,80.0,无实时路况；不含候车、缆车、游览和停车,2026-09-20
特雷西塔海滩,阿纳加 · Cruz del Carmen,30.1,38.0,无实时路况；不含候车、缆车、游览和停车,2026-09-20
特雷西塔海滩,埃尔梅达诺海滩,71.8,60.8,无实时路况；不含候车、缆车、游览和停车,2026-09-20
埃尔梅达诺海滩,圣克鲁斯市区,61.3,44.7,无实时路况；不含候车、缆车、游览和停车,2026-09-20
埃尔梅达诺海滩,北机场 TFN,68.3,50.7,无实时路况；不含候车、缆车、游览和停车,2026-09-20
埃尔梅达诺海滩,南机场 TFS,4.9,17.2,无实时路况；不含候车、缆车、游览和停车,2026-09-20
埃尔梅达诺海滩,科斯塔阿德赫／Puerto Colón,23.6,21.3,无实时路况；不含候车、缆车、游览和停车,2026-09-20
埃尔梅达诺海滩,洛斯克里斯蒂亚诺斯港,23.0,23.3,无实时路况；不含候车、缆车、游览和停车,2026-09-20
埃尔梅达诺海滩,拉古纳古城,65.9,46.7,无实时路况；不含候车、缆车、游览和停车,2026-09-20
埃尔梅达诺海滩,拉奥罗塔瓦,91.8,64.9,无实时路况；不含候车、缆车、游览和停车,2026-09-20
埃尔梅达诺海滩,克鲁斯港,92.4,64.1,无实时路况；不含候车、缆车、游览和停车,2026-09-20
埃尔梅达诺海滩,加拉奇科,72.2,64.6,无实时路况；不含候车、缆车、游览和停车,2026-09-20
埃尔梅达诺海滩,伊科德龙血树公园,70.6,60.4,无实时路况；不含候车、缆车、游览和停车,2026-09-20
埃尔梅达诺海滩,马斯卡接驳点 · 圣地亚哥-德尔泰德,50.4,38.6,无实时路况；不含候车、缆车、游览和停车,2026-09-20
埃尔梅达诺海滩,洛斯吉甘特斯港／巨人悬崖,48.6,42.4,无实时路况；不含候车、缆车、游览和停车,2026-09-20
埃尔梅达诺海滩,泰德缆车下站,50.0,52.8,无实时路况；不含候车、缆车、游览和停车,2026-09-20
埃尔梅达诺海滩,阿纳加 · Cruz del Carmen,76.0,58.9,无实时路况；不含候车、缆车、游览和停车,2026-09-20
埃尔梅达诺海滩,特雷西塔海滩,70.3,57.4,无实时路况；不含候车、缆车、游览和停车,2026-09-20
