"出发城市","到达城市","距离公里","驾驶时间分钟","数据日期","数据说明"
"马德里","巴塞罗那","618","412","2026-09-19","OSRM道路估算；不含实时交通、休息、游览"
"马德里","瓦伦西亚","358","243","2026-09-19","OSRM道路估算；不含实时交通、休息、游览"
"马德里","塞维利亚","534","350","2026-09-19","OSRM道路估算；不含实时交通、休息、游览"
"马德里","格拉纳达","420","286","2026-09-19","OSRM道路估算；不含实时交通、休息、游览"
"马德里","科尔多瓦","394","269","2026-09-19","OSRM道路估算；不含实时交通、休息、游览"
"马德里","马拉加","537","368","2026-09-19","OSRM道路估算；不含实时交通、休息、游览"
"马德里","龙达","549","414","2026-09-19","OSRM道路估算；不含实时交通、休息、游览"
"马德里","托莱多","74","59","2026-09-19","OSRM道路估算；不含实时交通、休息、游览"
"马德里","塞哥维亚","90","72","2026-09-19","OSRM道路估算；不含实时交通、休息、游览"
"马德里","萨拉曼卡","213","153","2026-09-19","OSRM道路估算；不含实时交通、休息、游览"
"马德里","圣地亚哥","591","399","2026-09-19","OSRM道路估算；不含实时交通、休息、游览"
"马德里","毕尔巴鄂","398","270","2026-09-19","OSRM道路估算；不含实时交通、休息、游览"
"马德里","圣塞巴斯蒂安","452","309","2026-09-19","OSRM道路估算；不含实时交通、休息、游览"
"马德里","萨拉戈萨","313","215","2026-09-19","OSRM道路估算；不含实时交通、休息、游览"
"马德里","赫罗纳","686","457","2026-09-19","OSRM道路估算；不含实时交通、休息、游览"
"马德里","阿利坎特","421","278","2026-09-19","OSRM道路估算；不含实时交通、休息、游览"
"马德里","加的斯","651","427","2026-09-19","OSRM道路估算；不含实时交通、休息、游览"
"马德里","梅里达","349","232","2026-09-19","OSRM道路估算；不含实时交通、休息、游览"
"马德里","里斯本","629","410","2026-09-19","OSRM道路估算；不含实时交通、休息、游览"
"马德里","波尔图","555","378","2026-09-19","OSRM道路估算；不含实时交通、休息、游览"
"巴塞罗那","马德里","617","412","2026-09-19","OSRM道路估算；不含实时交通、休息、游览"
"巴塞罗那","瓦伦西亚","349","243","2026-09-19","OSRM道路估算；不含实时交通、休息、游览"
"巴塞罗那","塞维利亚","995","659","2026-09-19","OSRM道路估算；不含实时交通、休息、游览"
"巴塞罗那","格拉纳达","836","564","2026-09-19","OSRM道路估算；不含实时交通、休息、游览"
"巴塞罗那","科尔多瓦","860","571","2026-09-19","OSRM道路估算；不含实时交通、休息、游览"
"巴塞罗那","马拉加","965","650","2026-09-19","OSRM道路估算；不含实时交通、休息、游览"
"巴塞罗那","龙达","1013","705","2026-09-19","OSRM道路估算；不含实时交通、休息、游览"
"巴塞罗那","托莱多","689","454","2026-09-19","OSRM道路估算；不含实时交通、休息、游览"
"巴塞罗那","塞哥维亚","710","473","2026-09-19","OSRM道路估算；不含实时交通、休息、游览"
"巴塞罗那","萨拉曼卡","841","552","2026-09-19","OSRM道路估算；不含实时交通、休息、游览"
"巴塞罗那","圣地亚哥","1081","718","2026-09-19","OSRM道路估算；不含实时交通、休息、游览"
"巴塞罗那","毕尔巴鄂","607","397","2026-09-19","OSRM道路估算；不含实时交通、休息、游览"
"巴塞罗那","圣塞巴斯蒂安","513","378","2026-09-19","OSRM道路估算；不含实时交通、休息、游览"
"巴塞罗那","萨拉戈萨","309","210","2026-09-19","OSRM道路估算；不含实时交通、休息、游览"
"巴塞罗那","赫罗纳","101","78","2026-09-19","OSRM道路估算；不含实时交通、休息、游览"
"巴塞罗那","阿利坎特","536","361","2026-09-19","OSRM道路估算；不含实时交通、休息、游览"
"巴塞罗那","加的斯","1108","734","2026-09-19","OSRM道路估算；不含实时交通、休息、游览"
"巴塞罗那","梅里达","963","630","2026-09-19","OSRM道路估算；不含实时交通、休息、游览"
"巴塞罗那","里斯本","1243","808","2026-09-19","OSRM道路估算；不含实时交通、休息、游览"
"巴塞罗那","波尔图","1124","742","2026-09-19","OSRM道路估算；不含实时交通、休息、游览"
"瓦伦西亚","马德里","356","240","2026-09-19","OSRM道路估算；不含实时交通、休息、游览"
"瓦伦西亚","巴塞罗那","349","239","2026-09-19","OSRM道路估算；不含实时交通、休息、游览"
"瓦伦西亚","塞维利亚","655","431","2026-09-19","OSRM道路估算；不含实时交通、休息、游览"
"瓦伦西亚","格拉纳达","478","325","2026-09-19","OSRM道路估算；不含实时交通、休息、游览"
"瓦伦西亚","科尔多瓦","520","343","2026-09-19","OSRM道路估算；不含实时交通、休息、游览"
"瓦伦西亚","马拉加","608","411","2026-09-19","OSRM道路估算；不含实时交通、休息、游览"
"瓦伦西亚","龙达","655","466","2026-09-19","OSRM道路估算；不含实时交通、休息、游览"
"瓦伦西亚","托莱多","373","255","2026-09-19","OSRM道路估算；不含实时交通、休息、游览"
"瓦伦西亚","塞哥维亚","449","306","2026-09-19","OSRM道路估算；不含实时交通、休息、游览"
"瓦伦西亚","萨拉曼卡","572","388","2026-09-19","OSRM道路估算；不含实时交通、休息、游览"
"瓦伦西亚","圣地亚哥","950","634","2026-09-19","OSRM道路估算；不含实时交通、休息、游览"
"瓦伦西亚","毕尔巴鄂","612","403","2026-09-19","OSRM道路估算；不含实时交通、休息、游览"
"瓦伦西亚","圣塞巴斯蒂安","573","385","2026-09-19","OSRM道路估算；不含实时交通、休息、游览"
"瓦伦西亚","萨拉戈萨","309","212","2026-09-19","OSRM道路估算；不含实时交通、休息、游览"
"瓦伦西亚","赫罗纳","442","292","2026-09-19","OSRM道路估算；不含实时交通、休息、游览"
"瓦伦西亚","阿利坎特","178","123","2026-09-19","OSRM道路估算；不含实时交通、休息、游览"
"瓦伦西亚","加的斯","768","506","2026-09-19","OSRM道路估算；不含实时交通、休息、游览"
"瓦伦西亚","梅里达","607","423","2026-09-19","OSRM道路估算；不含实时交通、休息、游览"
"瓦伦西亚","里斯本","886","601","2026-09-19","OSRM道路估算；不含实时交通、休息、游览"
"瓦伦西亚","波尔图","914","613","2026-09-19","OSRM道路估算；不含实时交通、休息、游览"
"塞维利亚","马德里","535","352","2026-09-19","OSRM道路估算；不含实时交通、休息、游览"
"塞维利亚","巴塞罗那","995","656","2026-09-19","OSRM道路估算；不含实时交通、休息、游览"
"塞维利亚","瓦伦西亚","656","435","2026-09-19","OSRM道路估算；不含实时交通、休息、游览"
"塞维利亚","格拉纳达","250","178","2026-09-19","OSRM道路估算；不含实时交通、休息、游览"
"塞维利亚","科尔多瓦","140","98","2026-09-19","OSRM道路估算；不含实时交通、休息、游览"
"塞维利亚","马拉加","212","155","2026-09-19","OSRM道路估算；不含实时交通、休息、游览"
"塞维利亚","龙达","127","114","2026-09-19","OSRM道路估算；不含实时交通、休息、游览"
"塞维利亚","托莱多","477","319","2026-09-19","OSRM道路估算；不含实时交通、休息、游览"
"塞维利亚","塞哥维亚","604","397","2026-09-19","OSRM道路估算；不含实时交通、休息、游览"
"塞维利亚","萨拉曼卡","462","306","2026-09-19","OSRM道路估算；不含实时交通、休息、游览"
"塞维利亚","圣地亚哥","828","588","2026-09-19","OSRM道路估算；不含实时交通、休息、游览"
"塞维利亚","毕尔巴鄂","862","558","2026-09-19","OSRM道路估算；不含实时交通、休息、游览"
"塞维利亚","圣塞巴斯蒂安","917","597","2026-09-19","OSRM道路估算；不含实时交通、休息、游览"
"塞维利亚","萨拉戈萨","843","551","2026-09-19","OSRM道路估算；不含实时交通、休息、游览"
"塞维利亚","赫罗纳","1088","710","2026-09-19","OSRM道路估算；不含实时交通、休息、游览"
"塞维利亚","阿利坎特","597","404","2026-09-19","OSRM道路估算；不含实时交通、休息、游览"
"塞维利亚","加的斯","121","86","2026-09-19","OSRM道路估算；不含实时交通、休息、游览"
"塞维利亚","梅里达","191","131","2026-09-19","OSRM道路估算；不含实时交通、休息、游览"
"塞维利亚","里斯本","463","303","2026-09-19","OSRM道路估算；不含实时交通、休息、游览"
"塞维利亚","波尔图","600","430","2026-09-19","OSRM道路估算；不含实时交通、休息、游览"
"格拉纳达","马德里","417","290","2026-09-19","OSRM道路估算；不含实时交通、休息、游览"
"格拉纳达","巴塞罗那","837","563","2026-09-19","OSRM道路估算；不含实时交通、休息、游览"
"格拉纳达","瓦伦西亚","480","332","2026-09-19","OSRM道路估算；不含实时交通、休息、游览"
"格拉纳达","塞维利亚","248","180","2026-09-19","OSRM道路估算；不含实时交通、休息、游览"
"格拉纳达","科尔多瓦","162","130","2026-09-19","OSRM道路估算；不含实时交通、休息、游览"
"格拉纳达","马拉加","132","106","2026-09-19","OSRM道路估算；不含实时交通、休息、游览"
"格拉纳达","龙达","179","161","2026-09-19","OSRM道路估算；不含实时交通、休息、游览"
"格拉纳达","托莱多","365","249","2026-09-19","OSRM道路估算；不含实时交通、休息、游览"
"格拉纳达","塞哥维亚","506","346","2026-09-19","OSRM道路估算；不含实时交通、休息、游览"
"格拉纳达","萨拉曼卡","599","426","2026-09-19","OSRM道路估算；不含实时交通、休息、游览"
"格拉纳达","圣地亚哥","1008","674","2026-09-19","OSRM道路估算；不含实时交通、休息、游览"
"格拉纳达","毕尔巴鄂","810","544","2026-09-19","OSRM道路估算；不含实时交通、休息、游览"
"格拉纳达","圣塞巴斯蒂安","865","583","2026-09-19","OSRM道路估算；不含实时交通、休息、游览"
"格拉纳达","萨拉戈萨","720","485","2026-09-19","OSRM道路估算；不含实时交通、休息、游览"
"格拉纳达","赫罗纳","930","616","2026-09-19","OSRM道路估算；不含实时交通、休息、游览"
"格拉纳达","阿利坎特","351","245","2026-09-19","OSRM道路估算；不含实时交通、休息、游览"
"格拉纳达","加的斯","293","241","2026-09-19","OSRM道路估算；不含实时交通、休息、游览"
"格拉纳达","梅里达","437","307","2026-09-19","OSRM道路估算；不含实时交通、休息、游览"
"格拉纳达","里斯本","712","483","2026-09-19","OSRM道路估算；不含实时交通、休息、游览"
"格拉纳达","波尔图","846","606","2026-09-19","OSRM道路估算；不含实时交通、休息、游览"
"科尔多瓦","马德里","394","270","2026-09-19","OSRM道路估算；不含实时交通、休息、游览"
"科尔多瓦","巴塞罗那","860","566","2026-09-19","OSRM道路估算；不含实时交通、休息、游览"
"科尔多瓦","瓦伦西亚","521","345","2026-09-19","OSRM道路估算；不含实时交通、休息、游览"
"科尔多瓦","塞维利亚","141","96","2026-09-19","OSRM道路估算；不含实时交通、休息、游览"
"科尔多瓦","格拉纳达","165","132","2026-09-19","OSRM道路估算；不含实时交通、休息、游览"
"科尔多瓦","马拉加","166","121","2026-09-19","OSRM道路估算；不含实时交通、休息、游览"
"科尔多瓦","龙达","193","163","2026-09-19","OSRM道路估算；不含实时交通、休息、游览"
"科尔多瓦","托莱多","342","229","2026-09-19","OSRM道路估算；不含实时交通、休息、游览"
"科尔多瓦","塞哥维亚","484","326","2026-09-19","OSRM道路估算；不含实时交通、休息、游览"
"科尔多瓦","萨拉曼卡","515","362","2026-09-19","OSRM道路估算；不含实时交通、休息、游览"
"科尔多瓦","圣地亚哥","881","644","2026-09-19","OSRM道路估算；不含实时交通、休息、游览"
"科尔多瓦","毕尔巴鄂","787","524","2026-09-19","OSRM道路估算；不含实时交通、休息、游览"
"科尔多瓦","圣塞巴斯蒂安","842","563","2026-09-19","OSRM道路估算；不含实时交通、休息、游览"
"科尔多瓦","萨拉戈萨","698","465","2026-09-19","OSRM道路估算；不含实时交通、休息、游览"
"科尔多瓦","赫罗纳","954","620","2026-09-19","OSRM道路估算；不含实时交通、休息、游览"
"科尔多瓦","阿利坎特","515","349","2026-09-19","OSRM道路估算；不含实时交通、休息、游览"
"科尔多瓦","加的斯","254","171","2026-09-19","OSRM道路估算；不含实时交通、休息、游览"
"科尔多瓦","梅里达","244","186","2026-09-19","OSRM道路估算；不含实时交通、休息、游览"
"科尔多瓦","里斯本","524","364","2026-09-19","OSRM道路估算；不含实时交通、休息、游览"
"科尔多瓦","波尔图","653","485","2026-09-19","OSRM道路估算；不含实时交通、休息、游览"
"马拉加","马德里","531","369","2026-09-19","OSRM道路估算；不含实时交通、休息、游览"
"马拉加","巴塞罗那","961","645","2026-09-19","OSRM道路估算；不含实时交通、休息、游览"
"马拉加","瓦伦西亚","604","414","2026-09-19","OSRM道路估算；不含实时交通、休息、游览"
"马拉加","塞维利亚","207","153","2026-09-19","OSRM道路估算；不含实时交通、休息、游览"
"马拉加","格拉纳达","128","101","2026-09-19","OSRM道路估算；不含实时交通、休息、游览"
"马拉加","科尔多瓦","159","117","2026-09-19","OSRM道路估算；不含实时交通、休息、游览"
"马拉加","龙达","103","103","2026-09-19","OSRM道路估算；不含实时交通、休息、游览"
"马拉加","托莱多","479","328","2026-09-19","OSRM道路估算；不含实时交通、休息、游览"
"马拉加","塞哥维亚","621","426","2026-09-19","OSRM道路估算；不含实时交通、休息、游览"
"马拉加","萨拉曼卡","667","454","2026-09-19","OSRM道路估算；不含实时交通、休息、游览"
"马拉加","圣地亚哥","1033","737","2026-09-19","OSRM道路估算；不含实时交通、休息、游览"
"马拉加","毕尔巴鄂","924","623","2026-09-19","OSRM道路估算；不含实时交通、休息、游览"
"马拉加","圣塞巴斯蒂安","979","662","2026-09-19","OSRM道路估算；不含实时交通、休息、游览"
"马拉加","萨拉戈萨","835","564","2026-09-19","OSRM道路估算；不含实时交通、休息、游览"
"马拉加","赫罗纳","1054","699","2026-09-19","OSRM道路估算；不含实时交通、休息、游览"
"马拉加","阿利坎特","475","327","2026-09-19","OSRM道路估算；不含实时交通、休息、游览"
"马拉加","加的斯","235","171","2026-09-19","OSRM道路估算；不含实时交通、休息、游览"
"马拉加","梅里达","396","279","2026-09-19","OSRM道路估算；不含实时交通、休息、游览"
"马拉加","里斯本","671","455","2026-09-19","OSRM道路估算；不含实时交通、休息、游览"
"马拉加","波尔图","805","578","2026-09-19","OSRM道路估算；不含实时交通、休息、游览"
"龙达","马德里","549","416","2026-09-19","OSRM道路估算；不含实时交通、休息、游览"
"龙达","巴塞罗那","1012","701","2026-09-19","OSRM道路估算；不含实时交通、休息、游览"
"龙达","瓦伦西亚","656","470","2026-09-19","OSRM道路估算；不含实时交通、休息、游览"
"龙达","塞维利亚","127","112","2026-09-19","OSRM道路估算；不含实时交通、休息、游览"
"龙达","格拉纳达","179","157","2026-09-19","OSRM道路估算；不含实时交通、休息、游览"
"龙达","科尔多瓦","192","161","2026-09-19","OSRM道路估算；不含实时交通、休息、游览"
"龙达","马拉加","104","104","2026-09-19","OSRM道路估算；不含实时交通、休息、游览"
"龙达","托莱多","497","375","2026-09-19","OSRM道路估算；不含实时交通、休息、游览"
"龙达","塞哥维亚","639","472","2026-09-19","OSRM道路估算；不含实时交通、休息、游览"
"龙达","萨拉曼卡","587","415","2026-09-19","OSRM道路估算；不含实时交通、休息、游览"
"龙达","圣地亚哥","953","698","2026-09-19","OSRM道路估算；不含实时交通、休息、游览"
"龙达","毕尔巴鄂","987","667","2026-09-19","OSRM道路估算；不含实时交通、休息、游览"
"龙达","圣塞巴斯蒂安","1041","706","2026-09-19","OSRM道路估算；不含实时交通、休息、游览"
"龙达","萨拉戈萨","852","611","2026-09-19","OSRM道路估算；不含实时交通、休息、游览"
"龙达","赫罗纳","1106","755","2026-09-19","OSRM道路估算；不含实时交通、休息、游览"
"龙达","阿利坎特","526","383","2026-09-19","OSRM道路估算；不含实时交通、休息、游览"
"龙达","加的斯","145","122","2026-09-19","OSRM道路估算；不含实时交通、休息、游览"
"龙达","梅里达","316","240","2026-09-19","OSRM道路估算；不含实时交通、休息、游览"
"龙达","里斯本","588","412","2026-09-19","OSRM道路估算；不含实时交通、休息、游览"
"龙达","波尔图","725","539","2026-09-19","OSRM道路估算；不含实时交通、休息、游览"
"托莱多","马德里","73","60","2026-09-19","OSRM道路估算；不含实时交通、休息、游览"
"托莱多","巴塞罗那","688","454","2026-09-19","OSRM道路估算；不含实时交通、休息、游览"
"托莱多","瓦伦西亚","373","256","2026-09-19","OSRM道路估算；不含实时交通、休息、游览"
"托莱多","塞维利亚","476","315","2026-09-19","OSRM道路估算；不含实时交通、休息、游览"
"托莱多","格拉纳达","367","243","2026-09-19","OSRM道路估算；不含实时交通、休息、游览"
"托莱多","科尔多瓦","341","227","2026-09-19","OSRM道路估算；不含实时交通、休息、游览"
"托莱多","马拉加","483","326","2026-09-19","OSRM道路估算；不含实时交通、休息、游览"
"托莱多","龙达","496","372","2026-09-19","OSRM道路估算；不含实时交通、休息、游览"
"托莱多","塞哥维亚","158","113","2026-09-19","OSRM道路估算；不含实时交通、休息、游览"
"托莱多","萨拉曼卡","236","184","2026-09-19","OSRM道路估算；不含实时交通、休息、游览"
"托莱多","圣地亚哥","660","440","2026-09-19","OSRM道路估算；不含实时交通、休息、游览"
"托莱多","毕尔巴鄂","471","317","2026-09-19","OSRM道路估算；不含实时交通、休息、游览"
"托莱多","圣塞巴斯蒂安","525","356","2026-09-19","OSRM道路估算；不含实时交通、休息、游览"
"托莱多","萨拉戈萨","383","258","2026-09-19","OSRM道路估算；不含实时交通、休息、游览"
"托莱多","赫罗纳","755","499","2026-09-19","OSRM道路估算；不含实时交通、休息、游览"
"托莱多","阿利坎特","418","273","2026-09-19","OSRM道路估算；不含实时交通、休息、游览"
"托莱多","加的斯","588","390","2026-09-19","OSRM道路估算；不含实时交通、休息、游览"
"托莱多","梅里达","310","204","2026-09-19","OSRM道路估算；不含实时交通、休息、游览"
"托莱多","里斯本","590","382","2026-09-19","OSRM道路估算；不含实时交通、休息、游览"
"托莱多","波尔图","572","411","2026-09-19","OSRM道路估算；不含实时交通、休息、游览"
"塞哥维亚","马德里","92","76","2026-09-19","OSRM道路估算；不含实时交通、休息、游览"
"塞哥维亚","巴塞罗那","705","476","2026-09-19","OSRM道路估算；不含实时交通、休息、游览"
"塞哥维亚","瓦伦西亚","450","310","2026-09-19","OSRM道路估算；不含实时交通、休息、游览"
"塞哥维亚","塞维利亚","604","394","2026-09-19","OSRM道路估算；不含实时交通、休息、游览"
"塞哥维亚","格拉纳达","509","341","2026-09-19","OSRM道路估算；不含实时交通、休息、游览"
"塞哥维亚","科尔多瓦","483","325","2026-09-19","OSRM道路估算；不含实时交通、休息、游览"
"塞哥维亚","马拉加","626","424","2026-09-19","OSRM道路估算；不含实时交通、休息、游览"
"塞哥维亚","龙达","638","469","2026-09-19","OSRM道路估算；不含实时交通、休息、游览"
"塞哥维亚","托莱多","159","112","2026-09-19","OSRM道路估算；不含实时交通、休息、游览"
"塞哥维亚","萨拉曼卡","153","126","2026-09-19","OSRM道路估算；不含实时交通、休息、游览"
"塞哥维亚","圣地亚哥","527","366","2026-09-19","OSRM道路估算；不含实时交通、休息、游览"
"塞哥维亚","毕尔巴鄂","354","252","2026-09-19","OSRM道路估算；不含实时交通、休息、游览"
"塞哥维亚","圣塞巴斯蒂安","409","291","2026-09-19","OSRM道路估算；不含实时交通、休息、游览"
"塞哥维亚","萨拉戈萨","400","279","2026-09-19","OSRM道路估算；不含实时交通、休息、游览"
"塞哥维亚","赫罗纳","772","521","2026-09-19","OSRM道路估算；不含实时交通、休息、游览"
"塞哥维亚","阿利坎特","514","345","2026-09-19","OSRM道路估算；不含实时交通、休息、游览"
"塞哥维亚","加的斯","721","471","2026-09-19","OSRM道路估算；不含实时交通、休息、游览"
"塞哥维亚","梅里达","419","276","2026-09-19","OSRM道路估算；不含实时交通、休息、游览"
"塞哥维亚","里斯本","618","424","2026-09-19","OSRM道路估算；不含实时交通、休息、游览"
"塞哥维亚","波尔图","490","346","2026-09-19","OSRM道路估算；不含实时交通、休息、游览"
"萨拉曼卡","马德里","215","157","2026-09-19","OSRM道路估算；不含实时交通、休息、游览"
"萨拉曼卡","巴塞罗那","842","553","2026-09-19","OSRM道路估算；不含实时交通、休息、游览"
"萨拉曼卡","瓦伦西亚","573","391","2026-09-19","OSRM道路估算；不含实时交通、休息、游览"
"萨拉曼卡","塞维利亚","462","305","2026-09-19","OSRM道路估算；不含实时交通、休息、游览"
"萨拉曼卡","格拉纳达","633","422","2026-09-19","OSRM道路估算；不含实时交通、休息、游览"
"萨拉曼卡","科尔多瓦","515","362","2026-09-19","OSRM道路估算；不含实时交通、休息、游览"
"萨拉曼卡","马拉加","672","456","2026-09-19","OSRM道路估算；不含实时交通、休息、游览"
"萨拉曼卡","龙达","590","416","2026-09-19","OSRM道路估算；不含实时交通、休息、游览"
"萨拉曼卡","托莱多","237","185","2026-09-19","OSRM道路估算；不含实时交通、休息、游览"
"萨拉曼卡","塞哥维亚","154","127","2026-09-19","OSRM道路估算；不含实时交通、休息、游览"
"萨拉曼卡","圣地亚哥","427","306","2026-09-19","OSRM道路估算；不含实时交通、休息、游览"
"萨拉曼卡","毕尔巴鄂","398","262","2026-09-19","OSRM道路估算；不含实时交通、休息、游览"
"萨拉曼卡","圣塞巴斯蒂安","453","301","2026-09-19","OSRM道路估算；不含实时交通、休息、游览"
"萨拉曼卡","萨拉戈萨","539","355","2026-09-19","OSRM道路估算；不含实时交通、休息、游览"
"萨拉曼卡","赫罗纳","910","598","2026-09-19","OSRM道路估算；不含实时交通、休息、游览"
"萨拉曼卡","阿利坎特","637","426","2026-09-19","OSRM道路估算；不含实时交通、休息、游览"
"萨拉曼卡","加的斯","579","382","2026-09-19","OSRM道路估算；不含实时交通、休息、游览"
"萨拉曼卡","梅里达","274","186","2026-09-19","OSRM道路估算；不含实时交通、休息、游览"
"萨拉曼卡","里斯本","468","309","2026-09-19","OSRM道路估算；不含实时交通、休息、游览"
"萨拉曼卡","波尔图","350","240","2026-09-19","OSRM道路估算；不含实时交通、休息、游览"
"圣地亚哥","马德里","592","400","2026-09-19","OSRM道路估算；不含实时交通、休息、游览"
"圣地亚哥","巴塞罗那","1085","717","2026-09-19","OSRM道路估算；不含实时交通、休息、游览"
"圣地亚哥","瓦伦西亚","950","634","2026-09-19","OSRM道路估算；不含实时交通、休息、游览"
"圣地亚哥","塞维利亚","828","583","2026-09-19","OSRM道路估算；不含实时交通、休息、游览"
"圣地亚哥","格拉纳达","1009","665","2026-09-19","OSRM道路估算；不含实时交通、休息、游览"
"圣地亚哥","科尔多瓦","881","639","2026-09-19","OSRM道路估算；不含实时交通、休息、游览"
"圣地亚哥","马拉加","1038","734","2026-09-19","OSRM道路估算；不含实时交通、休息、游览"
"圣地亚哥","龙达","956","694","2026-09-19","OSRM道路估算；不含实时交通、休息、游览"
"圣地亚哥","托莱多","658","436","2026-09-19","OSRM道路估算；不含实时交通、休息、游览"
"圣地亚哥","塞哥维亚","526","365","2026-09-19","OSRM道路估算；不含实时交通、休息、游览"
"圣地亚哥","萨拉曼卡","426","301","2026-09-19","OSRM道路估算；不含实时交通、休息、游览"
"圣地亚哥","毕尔巴鄂","580","394","2026-09-19","OSRM道路估算；不含实时交通、休息、游览"
"圣地亚哥","圣塞巴斯蒂安","678","461","2026-09-19","OSRM道路估算；不含实时交通、休息、游览"
"圣地亚哥","萨拉戈萨","782","519","2026-09-19","OSRM道路估算；不含实时交通、休息、游览"
"圣地亚哥","赫罗纳","1153","762","2026-09-19","OSRM道路估算；不含实时交通、休息、游览"
"圣地亚哥","阿利坎特","1014","669","2026-09-19","OSRM道路估算；不含实时交通、休息、游览"
"圣地亚哥","加的斯","945","660","2026-09-19","OSRM道路估算；不含实时交通、休息、游览"
"圣地亚哥","梅里达","645","465","2026-09-19","OSRM道路估算；不含实时交通、休息、游览"
"圣地亚哥","里斯本","539","359","2026-09-19","OSRM道路估算；不含实时交通、休息、游览"
"圣地亚哥","波尔图","233","162","2026-09-19","OSRM道路估算；不含实时交通、休息、游览"
"毕尔巴鄂","马德里","395","267","2026-09-19","OSRM道路估算；不含实时交通、休息、游览"
"毕尔巴鄂","巴塞罗那","606","396","2026-09-19","OSRM道路估算；不含实时交通、休息、游览"
"毕尔巴鄂","瓦伦西亚","611","401","2026-09-19","OSRM道路估算；不含实时交通、休息、游览"
"毕尔巴鄂","塞维利亚","861","556","2026-09-19","OSRM道路估算；不含实时交通、休息、游览"
"毕尔巴鄂","格拉纳达","810","538","2026-09-19","OSRM道路估算；不含实时交通、休息、游览"
"毕尔巴鄂","科尔多瓦","784","522","2026-09-19","OSRM道路估算；不含实时交通、休息、游览"
"毕尔巴鄂","马拉加","927","621","2026-09-19","OSRM道路估算；不含实时交通、休息、游览"
"毕尔巴鄂","龙达","939","666","2026-09-19","OSRM道路估算；不含实时交通、休息、游览"
"毕尔巴鄂","托莱多","469","316","2026-09-19","OSRM道路估算；不含实时交通、休息、游览"
"毕尔巴鄂","塞哥维亚","354","252","2026-09-19","OSRM道路估算；不含实时交通、休息、游览"
"毕尔巴鄂","萨拉曼卡","397","261","2026-09-19","OSRM道路估算；不含实时交通、休息、游览"
"毕尔巴鄂","圣地亚哥","582","398","2026-09-19","OSRM道路估算；不含实时交通、休息、游览"
"毕尔巴鄂","圣塞巴斯蒂安","99","76","2026-09-19","OSRM道路估算；不含实时交通、休息、游览"
"毕尔巴鄂","萨拉戈萨","303","198","2026-09-19","OSRM道路估算；不含实时交通、休息、游览"
"毕尔巴鄂","赫罗纳","674","440","2026-09-19","OSRM道路估算；不含实时交通、休息、游览"
"毕尔巴鄂","阿利坎特","772","513","2026-09-19","OSRM道路估算；不含实时交通、休息、游览"
"毕尔巴鄂","加的斯","978","633","2026-09-19","OSRM道路估算；不含实时交通、休息、游览"
"毕尔巴鄂","梅里达","674","437","2026-09-19","OSRM道路估算；不含实时交通、休息、游览"
"毕尔巴鄂","里斯本","862","556","2026-09-19","OSRM道路估算；不含实时交通、休息、游览"
"毕尔巴鄂","波尔图","679","450","2026-09-19","OSRM道路估算；不含实时交通、休息、游览"
"圣塞巴斯蒂安","马德里","451","308","2026-09-19","OSRM道路估算；不含实时交通、休息、游览"
"圣塞巴斯蒂安","巴塞罗那","513","379","2026-09-19","OSRM道路估算；不含实时交通、休息、游览"
"圣塞巴斯蒂安","瓦伦西亚","572","385","2026-09-19","OSRM道路估算；不含实时交通、休息、游览"
"圣塞巴斯蒂安","塞维利亚","917","596","2026-09-19","OSRM道路估算；不含实时交通、休息、游览"
"圣塞巴斯蒂安","格拉纳达","866","579","2026-09-19","OSRM道路估算；不含实时交通、休息、游览"
"圣塞巴斯蒂安","科尔多瓦","840","562","2026-09-19","OSRM道路估算；不含实时交通、休息、游览"
"圣塞巴斯蒂安","马拉加","983","662","2026-09-19","OSRM道路估算；不含实时交通、休息、游览"
"圣塞巴斯蒂安","龙达","995","707","2026-09-19","OSRM道路估算；不含实时交通、休息、游览"
"圣塞巴斯蒂安","托莱多","525","356","2026-09-19","OSRM道路估算；不含实时交通、休息、游览"
"圣塞巴斯蒂安","塞哥维亚","410","292","2026-09-19","OSRM道路估算；不含实时交通、休息、游览"
"圣塞巴斯蒂安","萨拉曼卡","453","301","2026-09-19","OSRM道路估算；不含实时交通、休息、游览"
"圣塞巴斯蒂安","圣地亚哥","680","465","2026-09-19","OSRM道路估算；不含实时交通、休息、游览"
"圣塞巴斯蒂安","毕尔巴鄂","102","76","2026-09-19","OSRM道路估算；不含实时交通、休息、游览"
"圣塞巴斯蒂安","萨拉戈萨","264","182","2026-09-19","OSRM道路估算；不含实时交通、休息、游览"
"圣塞巴斯蒂安","赫罗纳","636","393","2026-09-19","OSRM道路估算；不含实时交通、休息、游览"
"圣塞巴斯蒂安","阿利坎特","734","497","2026-09-19","OSRM道路估算；不含实时交通、休息、游览"
"圣塞巴斯蒂安","加的斯","1034","674","2026-09-19","OSRM道路估算；不含实时交通、休息、游览"
"圣塞巴斯蒂安","梅里达","730","477","2026-09-19","OSRM道路估算；不含实时交通、休息、游览"
"圣塞巴斯蒂安","里斯本","918","597","2026-09-19","OSRM道路估算；不含实时交通、休息、游览"
"圣塞巴斯蒂安","波尔图","735","491","2026-09-19","OSRM道路估算；不含实时交通、休息、游览"
"萨拉戈萨","马德里","314","216","2026-09-19","OSRM道路估算；不含实时交通、休息、游览"
"萨拉戈萨","巴塞罗那","308","210","2026-09-19","OSRM道路估算；不含实时交通、休息、游览"
"萨拉戈萨","瓦伦西亚","308","212","2026-09-19","OSRM道路估算；不含实时交通、休息、游览"
"萨拉戈萨","塞维利亚","845","553","2026-09-19","OSRM道路估算；不含实时交通、休息、游览"
"萨拉戈萨","格拉纳达","725","482","2026-09-19","OSRM道路估算；不含实时交通、休息、游览"
"萨拉戈萨","科尔多瓦","699","465","2026-09-19","OSRM道路估算；不含实时交通、休息、游览"
"萨拉戈萨","马拉加","842","565","2026-09-19","OSRM道路估算；不含实时交通、休息、游览"
"萨拉戈萨","龙达","854","610","2026-09-19","OSRM道路估算；不含实时交通、休息、游览"
"萨拉戈萨","托莱多","385","258","2026-09-19","OSRM道路估算；不含实时交通、休息、游览"
"萨拉戈萨","塞哥维亚","407","277","2026-09-19","OSRM道路估算；不含实时交通、休息、游览"
"萨拉戈萨","萨拉曼卡","538","355","2026-09-19","OSRM道路估算；不含实时交通、休息、游览"
"萨拉戈萨","圣地亚哥","777","520","2026-09-19","OSRM道路估算；不含实时交通、休息、游览"
"萨拉戈萨","毕尔巴鄂","303","199","2026-09-19","OSRM道路估算；不含实时交通、休息、游览"
"萨拉戈萨","圣塞巴斯蒂安","264","182","2026-09-19","OSRM道路估算；不含实时交通、休息、游览"
"萨拉戈萨","赫罗纳","376","254","2026-09-19","OSRM道路估算；不含实时交通、休息、游览"
"萨拉戈萨","阿利坎特","470","324","2026-09-19","OSRM道路估算；不含实时交通、休息、游览"
"萨拉戈萨","加的斯","947","628","2026-09-19","OSRM道路估算；不含实时交通、休息、游览"
"萨拉戈萨","梅里达","660","434","2026-09-19","OSRM道路估算；不含实时交通、休息、游览"
"萨拉戈萨","里斯本","940","612","2026-09-19","OSRM道路估算；不含实时交通、休息、游览"
"萨拉戈萨","波尔图","820","544","2026-09-19","OSRM道路估算；不含实时交通、休息、游览"
"赫罗纳","马德里","687","456","2026-09-19","OSRM道路估算；不含实时交通、休息、游览"
"赫罗纳","巴塞罗那","103","81","2026-09-19","OSRM道路估算；不含实时交通、休息、游览"
"赫罗纳","瓦伦西亚","442","298","2026-09-19","OSRM道路估算；不含实时交通、休息、游览"
"赫罗纳","塞维利亚","1088","714","2026-09-19","OSRM道路估算；不含实时交通、休息、游览"
"赫罗纳","格拉纳达","928","619","2026-09-19","OSRM道路估算；不含实时交通、休息、游览"
"赫罗纳","科尔多瓦","953","626","2026-09-19","OSRM道路估算；不含实时交通、休息、游览"
"赫罗纳","马拉加","1058","705","2026-09-19","OSRM道路估算；不含实时交通、休息、游览"
"赫罗纳","龙达","1106","759","2026-09-19","OSRM道路估算；不含实时交通、休息、游览"
"赫罗纳","托莱多","759","498","2026-09-19","OSRM道路估算；不含实时交通、休息、游览"
"赫罗纳","塞哥维亚","781","516","2026-09-19","OSRM道路估算；不含实时交通、休息、游览"
"赫罗纳","萨拉曼卡","912","596","2026-09-19","OSRM道路估算；不含实时交通、休息、游览"
"赫罗纳","圣地亚哥","1151","762","2026-09-19","OSRM道路估算；不含实时交通、休息、游览"
"赫罗纳","毕尔巴鄂","677","441","2026-09-19","OSRM道路估算；不含实时交通、休息、游览"
"赫罗纳","圣塞巴斯蒂安","638","396","2026-09-19","OSRM道路估算；不含实时交通、休息、游览"
"赫罗纳","萨拉戈萨","379","254","2026-09-19","OSRM道路估算；不含实时交通、休息、游览"
"赫罗纳","阿利坎特","629","416","2026-09-19","OSRM道路估算；不含实时交通、休息、游览"
"赫罗纳","加的斯","1201","789","2026-09-19","OSRM道路估算；不含实时交通、休息、游览"
"赫罗纳","梅里达","1033","674","2026-09-19","OSRM道路估算；不含实时交通、休息、游览"
"赫罗纳","里斯本","1313","852","2026-09-19","OSRM道路估算；不含实时交通、休息、游览"
"赫罗纳","波尔图","1194","786","2026-09-19","OSRM道路估算；不含实时交通、休息、游览"
"阿利坎特","马德里","420","277","2026-09-19","OSRM道路估算；不含实时交通、休息、游览"
"阿利坎特","巴塞罗那","535","357","2026-09-19","OSRM道路估算；不含实时交通、休息、游览"
"阿利坎特","瓦伦西亚","178","126","2026-09-19","OSRM道路估算；不含实时交通、休息、游览"
"阿利坎特","塞维利亚","597","404","2026-09-19","OSRM道路估算；不含实时交通、休息、游览"
"阿利坎特","格拉纳达","350","244","2026-09-19","OSRM道路估算；不含实时交通、休息、游览"
"阿利坎特","科尔多瓦","510","351","2026-09-19","OSRM道路估算；不含实时交通、休息、游览"
"阿利坎特","马拉加","480","330","2026-09-19","OSRM道路估算；不含实时交通、休息、游览"
"阿利坎特","龙达","527","384","2026-09-19","OSRM道路估算；不含实时交通、休息、游览"
"阿利坎特","托莱多","418","274","2026-09-19","OSRM道路估算；不含实时交通、休息、游览"
"阿利坎特","塞哥维亚","513","344","2026-09-19","OSRM道路估算；不含实时交通、休息、游览"
"阿利坎特","萨拉曼卡","636","425","2026-09-19","OSRM道路估算；不含实时交通、休息、游览"
"阿利坎特","圣地亚哥","1014","671","2026-09-19","OSRM道路估算；不含实时交通、休息、游览"
"阿利坎特","毕尔巴鄂","774","517","2026-09-19","OSRM道路估算；不含实时交通、休息、游览"
"阿利坎特","圣塞巴斯蒂安","735","500","2026-09-19","OSRM道路估算；不含实时交通、休息、游览"
"阿利坎特","萨拉戈萨","471","326","2026-09-19","OSRM道路估算；不含实时交通、休息、游览"
"阿利坎特","赫罗纳","628","410","2026-09-19","OSRM道路估算；不含实时交通、休息、游览"
"阿利坎特","加的斯","641","465","2026-09-19","OSRM道路估算；不含实时交通、休息、游览"
"阿利坎特","梅里达","634","442","2026-09-19","OSRM道路估算；不含实时交通、休息、游览"
"阿利坎特","里斯本","914","620","2026-09-19","OSRM道路估算；不含实时交通、休息、游览"
"阿利坎特","波尔图","978","650","2026-09-19","OSRM道路估算；不含实时交通、休息、游览"
"加的斯","马德里","652","431","2026-09-19","OSRM道路估算；不含实时交通、休息、游览"
"加的斯","巴塞罗那","1106","730","2026-09-19","OSRM道路估算；不含实时交通、休息、游览"
"加的斯","瓦伦西亚","767","510","2026-09-19","OSRM道路估算；不含实时交通、休息、游览"
"加的斯","塞维利亚","121","86","2026-09-19","OSRM道路估算；不含实时交通、休息、游览"
"加的斯","格拉纳达","293","238","2026-09-19","OSRM道路估算；不含实时交通、休息、游览"
"加的斯","科尔多瓦","252","172","2026-09-19","OSRM道路估算；不含实时交通、休息、游览"
"加的斯","马拉加","235","170","2026-09-19","OSRM道路估算；不含实时交通、休息、游览"
"加的斯","龙达","145","121","2026-09-19","OSRM道路估算；不含实时交通、休息、游览"
"加的斯","托莱多","588","393","2026-09-19","OSRM道路估算；不含实时交通、休息、游览"
"加的斯","塞哥维亚","721","475","2026-09-19","OSRM道路估算；不含实时交通、休息、游览"
"加的斯","萨拉曼卡","579","385","2026-09-19","OSRM道路估算；不含实时交通、休息、游览"
"加的斯","圣地亚哥","945","667","2026-09-19","OSRM道路估算；不含实时交通、休息、游览"
"加的斯","毕尔巴鄂","979","636","2026-09-19","OSRM道路估算；不含实时交通、休息、游览"
"加的斯","圣塞巴斯蒂安","1034","675","2026-09-19","OSRM道路估算；不含实时交通、休息、游览"
"加的斯","萨拉戈萨","944","629","2026-09-19","OSRM道路估算；不含实时交通、休息、游览"
"加的斯","赫罗纳","1200","784","2026-09-19","OSRM道路估算；不含实时交通、休息、游览"
"加的斯","阿利坎特","640","464","2026-09-19","OSRM道路估算；不含实时交通、休息、游览"
"加的斯","梅里达","308","209","2026-09-19","OSRM道路估算；不含实时交通、休息、游览"
"加的斯","里斯本","580","382","2026-09-19","OSRM道路估算；不含实时交通、休息、游览"
"加的斯","波尔图","717","508","2026-09-19","OSRM道路估算；不含实时交通、休息、游览"
"梅里达","马德里","345","233","2026-09-19","OSRM道路估算；不含实时交通、休息、游览"
"梅里达","巴塞罗那","959","628","2026-09-19","OSRM道路估算；不含实时交通、休息、游览"
"梅里达","瓦伦西亚","603","425","2026-09-19","OSRM道路估算；不含实时交通、休息、游览"
"梅里达","塞维利亚","191","131","2026-09-19","OSRM道路估算；不含实时交通、休息、游览"
"梅里达","格拉纳达","439","305","2026-09-19","OSRM道路估算；不含实时交通、休息、游览"
"梅里达","科尔多瓦","244","187","2026-09-19","OSRM道路估算；不含实时交通、休息、游览"
"梅里达","马拉加","401","282","2026-09-19","OSRM道路估算；不含实时交通、休息、游览"
"梅里达","龙达","319","242","2026-09-19","OSRM道路估算；不含实时交通、休息、游览"
"梅里达","托莱多","305","204","2026-09-19","OSRM道路估算；不含实时交通、休息、游览"
"梅里达","塞哥维亚","415","277","2026-09-19","OSRM道路估算；不含实时交通、休息、游览"
"梅里达","萨拉曼卡","273","186","2026-09-19","OSRM道路估算；不含实时交通、休息、游览"
"梅里达","圣地亚哥","645","471","2026-09-19","OSRM道路估算；不含实时交通、休息、游览"
"梅里达","毕尔巴鄂","672","438","2026-09-19","OSRM道路估算；不含实时交通、休息、游览"
"梅里达","圣塞巴斯蒂安","727","477","2026-09-19","OSRM道路估算；不含实时交通、休息、游览"
"梅里达","萨拉戈萨","654","431","2026-09-19","OSRM道路估算；不含实时交通、休息、游览"
"梅里达","赫罗纳","1027","673","2026-09-19","OSRM道路估算；不含实时交通、休息、游览"
"梅里达","阿利坎特","629","439","2026-09-19","OSRM道路估算；不含实时交通、休息、游览"
"梅里达","加的斯","308","208","2026-09-19","OSRM道路估算；不含实时交通、休息、游览"
"梅里达","里斯本","288","191","2026-09-19","OSRM道路估算；不含实时交通、休息、游览"
"梅里达","波尔图","418","312","2026-09-19","OSRM道路估算；不含实时交通、休息、游览"
"里斯本","马德里","629","411","2026-09-19","OSRM道路估算；不含实时交通、休息、游览"
"里斯本","巴塞罗那","1243","806","2026-09-19","OSRM道路估算；不含实时交通、休息、游览"
"里斯本","瓦伦西亚","887","602","2026-09-19","OSRM道路估算；不含实时交通、休息、游览"
"里斯本","塞维利亚","463","303","2026-09-19","OSRM道路估算；不含实时交通、休息、游览"
"里斯本","格拉纳达","713","480","2026-09-19","OSRM道路估算；不含实时交通、休息、游览"
"里斯本","科尔多瓦","524","364","2026-09-19","OSRM道路估算；不含实时交通、休息、游览"
"里斯本","马拉加","675","456","2026-09-19","OSRM道路估算；不含实时交通、休息、游览"
"里斯本","龙达","588","413","2026-09-19","OSRM道路估算；不含实时交通、休息、游览"
"里斯本","托莱多","589","381","2026-09-19","OSRM道路估算；不含实时交通、休息、游览"
"里斯本","塞哥维亚","620","423","2026-09-19","OSRM道路估算；不含实时交通、休息、游览"
"里斯本","萨拉曼卡","470","309","2026-09-19","OSRM道路估算；不含实时交通、休息、游览"
"里斯本","圣地亚哥","542","365","2026-09-19","OSRM道路估算；不含实时交通、休息、游览"
"里斯本","毕尔巴鄂","865","558","2026-09-19","OSRM道路估算；不含实时交通、休息、游览"
"里斯本","圣塞巴斯蒂安","920","597","2026-09-19","OSRM道路估算；不含实时交通、休息、游览"
"里斯本","萨拉戈萨","938","609","2026-09-19","OSRM道路估算；不含实时交通、休息、游览"
"里斯本","赫罗纳","1311","851","2026-09-19","OSRM道路估算；不含实时交通、休息、游览"
"里斯本","阿利坎特","913","617","2026-09-19","OSRM道路估算；不含实时交通、休息、游览"
"里斯本","加的斯","578","380","2026-09-19","OSRM道路估算；不含实时交通、休息、游览"
"里斯本","梅里达","288","190","2026-09-19","OSRM道路估算；不含实时交通、休息、游览"
"里斯本","波尔图","314","206","2026-09-19","OSRM道路估算；不含实时交通、休息、游览"
"波尔图","马德里","555","379","2026-09-19","OSRM道路估算；不含实时交通、休息、游览"
"波尔图","巴塞罗那","1124","741","2026-09-19","OSRM道路估算；不含实时交通、休息、游览"
"波尔图","瓦伦西亚","914","613","2026-09-19","OSRM道路估算；不含实时交通、休息、游览"
"波尔图","塞维利亚","601","430","2026-09-19","OSRM道路估算；不含实时交通、休息、游览"
"波尔图","格拉纳达","849","604","2026-09-19","OSRM道路估算；不含实时交通、休息、游览"
"波尔图","科尔多瓦","655","486","2026-09-19","OSRM道路估算；不含实时交通、休息、游览"
"波尔图","马拉加","812","581","2026-09-19","OSRM道路估算；不含实时交通、休息、游览"
"波尔图","龙达","729","541","2026-09-19","OSRM道路估算；不含实时交通、休息、游览"
"波尔图","托莱多","572","405","2026-09-19","OSRM道路估算；不含实时交通、休息、游览"
"波尔图","塞哥维亚","490","344","2026-09-19","OSRM道路估算；不含实时交通、休息、游览"
"波尔图","萨拉曼卡","351","236","2026-09-19","OSRM道路估算；不含实时交通、休息、游览"
"波尔图","圣地亚哥","233","167","2026-09-19","OSRM道路估算；不含实时交通、休息、游览"
"波尔图","毕尔巴鄂","680","450","2026-09-19","OSRM道路估算；不含实时交通、休息、游览"
"波尔图","圣塞巴斯蒂安","735","489","2026-09-19","OSRM道路估算；不含实时交通、休息、游览"
"波尔图","萨拉戈萨","821","543","2026-09-19","OSRM道路估算；不含实时交通、休息、游览"
"波尔图","赫罗纳","1192","786","2026-09-19","OSRM道路估算；不含实时交通、休息、游览"
"波尔图","阿利坎特","977","648","2026-09-19","OSRM道路估算；不含实时交通、休息、游览"
"波尔图","加的斯","718","507","2026-09-19","OSRM道路估算；不含实时交通、休息、游览"
"波尔图","梅里达","419","312","2026-09-19","OSRM道路估算；不含实时交通、休息、游览"
"波尔图","里斯本","313","207","2026-09-19","OSRM道路估算；不含实时交通、休息、游览"